Software Version,3.00.19,,,,,,,,,,,,,,,,,,,,,,,,,,,,,,,,,,,,,,,,,,,,,,,,,,,,,,,,,,,,,,,,,,,,,,,,,,,,,,,,,,,,,,,,,,,,,,,,,
,,,,,,,,,,,,,,,,,,,,,,,,,,,,,,,,,,,,,,,,,,,,,,,,,,,,,,,,,,,,,,,,,,,,,,,,,,,,,,,,,,,,,,,,,,,,,,,,,,
Experiment File Path:,C:\Users\Public\Documents\Experiments\RW\Plasticiser growth test\Mh and Hc growth.xpt,,,,,,,,,,,,,,,,,,,,,,,,,,,,,,,,,,,,,,,,,,,,,,,,,,,,,,,,,,,,,,,,,,,,,,,,,,,,,,,,,,,,,,,,,,,,,,,,,
Protocol File Path:,C:\Users\Public\Documents\Protocols\OD600_3day.prt,,,,,,,,,,,,,,,,,,,,,,,,,,,,,,,,,,,,,,,,,,,,,,,,,,,,,,,,,,,,,,,,,,,,,,,,,,,,,,,,,,,,,,,,,,,,,,,,,
Plate Number,Plate 1,,,,,,,,,,,,,,,,,,,,,,,,,,,,,,,,,,,,,,,,,,,,,,,,,,,,,,,,,,,,,,,,,,,,,,,,,,,,,,,,,,,,,,,,,,,,,,,,,
Date,12/10/2018,,,,,,,,,,,,,,,,,,,,,,,,,,,,,,,,,,,,,,,,,,,,,,,,,,,,,,,,,,,,,,,,,,,,,,,,,,,,,,,,,,,,,,,,,,,,,,,,,
Time,16:51:44,,,,,,,,,,,,,,,,,,,,,,,,,,,,,,,,,,,,,,,,,,,,,,,,,,,,,,,,,,,,,,,,,,,,,,,,,,,,,,,,,,,,,,,,,,,,,,,,,
Reader Type:,Synergy HTX,,,,,,,,,,,,,,,,,,,,,,,,,,,,,,,,,,,,,,,,,,,,,,,,,,,,,,,,,,,,,,,,,,,,,,,,,,,,,,,,,,,,,,,,,,,,,,,,,
Reader Serial Number:,1607191D,,,,,,,,,,,,,,,,,,,,,,,,,,,,,,,,,,,,,,,,,,,,,,,,,,,,,,,,,,,,,,,,,,,,,,,,,,,,,,,,,,,,,,,,,,,,,,,,,
Reading Type,Reader,,,,,,,,,,,,,,,,,,,,,,,,,,,,,,,,,,,,,,,,,,,,,,,,,,,,,,,,,,,,,,,,,,,,,,,,,,,,,,,,,,,,,,,,,,,,,,,,,
,,,,,,,,,,,,,,,,,,,,,,,,,,,,,,,,,,,,,,,,,,,,,,,,,,,,,,,,,,,,,,,,,,,,,,,,,,,,,,,,,,,,,,,,,,,,,,,,,,
Procedure Details,,,,,,,,,,,,,,,,,,,,,,,,,,,,,,,,,,,,,,,,,,,,,,,,,,,,,,,,,,,,,,,,,,,,,,,,,,,,,,,,,,,,,,,,,,,,,,,,,,
Plate Type,96 WELL PLATE (Use plate lid),,,,,,,,,,,,,,,,,,,,,,,,,,,,,,,,,,,,,,,,,,,,,,,,,,,,,,,,,,,,,,,,,,,,,,,,,,,,,,,,,,,,,,,,,,,,,,,,,
Eject plate on completion,,,,,,,,,,,,,,,,,,,,,,,,,,,,,,,,,,,,,,,,,,,,,,,,,,,,,,,,,,,,,,,,,,,,,,,,,,,,,,,,,,,,,,,,,,,,,,,,,,
Shake,Linear: 0:30 (MM:SS),,,,,,,,,,,,,,,,,,,,,,,,,,,,,,,,,,,,,,,,,,,,,,,,,,,,,,,,,,,,,,,,,,,,,,,,,,,,,,,,,,,,,,,,,,,,,,,,,
,Frequency: 567 cpm (3 mm),,,,,,,,,,,,,,,,,,,,,,,,,,,,,,,,,,,,,,,,,,,,,,,,,,,,,,,,,,,,,,,,,,,,,,,,,,,,,,,,,,,,,,,,,,,,,,,,,
Set Temperature,"Setpoint 30°C, Gradient 0 °C",,,,,,,,,,,,,,,,,,,,,,,,,,,,,,,,,,,,,,,,,,,,,,,,,,,,,,,,,,,,,,,,,,,,,,,,,,,,,,,,,,,,,,,,,,,,,,,,,
,Preheat before moving to next step,,,,,,,,,,,,,,,,,,,,,,,,,,,,,,,,,,,,,,,,,,,,,,,,,,,,,,,,,,,,,,,,,,,,,,,,,,,,,,,,,,,,,,,,,,,,,,,,,
Start Kinetic,"Runtime 72:00:00 (HH:MM:SS), Interval 0:30:00, 145 Reads",,,,,,,,,,,,,,,,,,,,,,,,,,,,,,,,,,,,,,,,,,,,,,,,,,,,,,,,,,,,,,,,,,,,,,,,,,,,,,,,,,,,,,,,,,,,,,,,,
    Read,Absorbance Endpoint,,,,,,,,,,,,,,,,,,,,,,,,,,,,,,,,,,,,,,,,,,,,,,,,,,,,,,,,,,,,,,,,,,,,,,,,,,,,,,,,,,,,,,,,,,,,,,,,,
,Full Plate,,,,,,,,,,,,,,,,,,,,,,,,,,,,,,,,,,,,,,,,,,,,,,,,,,,,,,,,,,,,,,,,,,,,,,,,,,,,,,,,,,,,,,,,,,,,,,,,,
,Wavelengths:  600,,,,,,,,,,,,,,,,,,,,,,,,,,,,,,,,,,,,,,,,,,,,,,,,,,,,,,,,,,,,,,,,,,,,,,,,,,,,,,,,,,,,,,,,,,,,,,,,,
,"Read Speed: Normal,  Delay: 100 msec,  Measurements/Data Point: 8",,,,,,,,,,,,,,,,,,,,,,,,,,,,,,,,,,,,,,,,,,,,,,,,,,,,,,,,,,,,,,,,,,,,,,,,,,,,,,,,,,,,,,,,,,,,,,,,,
End Kinetic,,,,,,,,,,,,,,,,,,,,,,,,,,,,,,,,,,,,,,,,,,,,,,,,,,,,,,,,,,,,,,,,,,,,,,,,,,,,,,,,,,,,,,,,,,,,,,,,,,
,,,,,,,,,,,,,,,,,,,,,,,,,,,,,,,,,,,,,,,,,,,,,,,,,,,,,,,,,,,,,,,,,,,,,,,,,,,,,,,,,,,,,,,,,,,,,,,,,,
600,,,,,,,,,,,,,,,,,,,,,,,,,,,,,,,,,,,,,,,,,,,,,,,,,,,,,,,,,,,,,,,,,,,,,,,,,,,,,,,,,,,,,,,,,,,,,,,,,,
,,,,,,,,,,,,,,,,,,,,,,,,,,,,,,,,,,,,,,,,,,,,,,,,,,,,,,,,,,,,,,,,,,,,,,,,,,,,,,,,,,,,,,,,,,,,,,,,,,
,Time,T° 600,A1,A2,A3,A4,A5,A6,A7,A8,A9,A10,A11,A12,B1,B2,B3,B4,B5,B6,B7,B8,B9,B10,B11,B12,C1,C2,C3,C4,C5,C6,C7,C8,C9,C10,C11,C12,D1,D2,D3,D4,D5,D6,D7,D8,D9,D10,D11,D12,E1,E2,E3,E4,E5,E6,E7,E8,E9,E10,E11,E12,F1,F2,F3,F4,F5,F6,F7,F8,F9,F10,F11,F12,G1,G2,G3,G4,G5,G6,G7,G8,G9,G10,G11,G12,H1,H2,H3,H4,H5,H6,H7,H8,H9,H10,H11,H12
,00:00:00,30.5,0.457,0.634,0.443,0.1,0.084,0.451,0.42,0.411,0.423,0.084,0.083,0.083,0.115,0.114,0.122,0.129,0.119,0.123,0.117,0.116,0.117,0.12,0.121,0.118,0.117,0.129,0.12,0.121,0.125,0.11,0.112,0.123,0.123,0.119,0.114,0.112,0.108,0.131,0.138,0.125,0.128,0.146,0.082,0.084,0.085,0.083,0.086,0.084,0.109,0.099,0.108,0.099,0.1,0.097,0.097,0.097,0.096,0.1,0.098,0.095,0.095,0.097,0.098,0.098,0.098,0.098,0.098,0.097,0.103,0.094,0.098,0.097,0.092,0.094,0.099,0.097,0.099,0.103,0.084,0.083,0.087,0.086,0.088,0.085,0.084,0.084,0.084,0.084,0.089,0.085,0.084,0.084,0.083,0.085,0.083,0.084
,00:30:00,30,0.431,0.673,0.452,0.102,0.084,0.437,0.41,0.396,0.419,0.084,0.083,0.083,0.12,0.12,0.121,0.129,0.118,0.123,0.117,0.116,0.118,0.12,0.121,0.122,0.122,0.128,0.126,0.121,0.124,0.124,0.113,0.125,0.124,0.138,0.135,0.133,0.129,0.144,0.137,0.12,0.123,0.142,0.082,0.084,0.086,0.083,0.086,0.084,0.109,0.103,0.119,0.101,0.107,0.11,0.099,0.1,0.1,0.112,0.108,0.096,0.098,0.096,0.1,0.106,0.104,0.099,0.105,0.098,0.109,0.1,0.102,0.097,0.095,0.101,0.105,0.098,0.1,0.104,0.084,0.083,0.087,0.085,0.088,0.085,0.084,0.085,0.084,0.084,0.089,0.085,0.084,0.084,0.083,0.086,0.083,0.084
,01:00:00,30,0.44,0.659,0.452,0.102,0.084,0.435,0.411,0.383,0.406,0.084,0.083,0.083,0.123,0.12,0.123,0.13,0.12,0.125,0.119,0.117,0.119,0.123,0.124,0.126,0.124,0.133,0.135,0.126,0.129,0.131,0.114,0.127,0.125,0.134,0.135,0.13,0.128,0.141,0.132,0.125,0.131,0.151,0.082,0.084,0.086,0.083,0.086,0.084,0.115,0.109,0.122,0.111,0.115,0.119,0.107,0.104,0.104,0.118,0.116,0.099,0.098,0.106,0.106,0.112,0.114,0.104,0.108,0.104,0.112,0.11,0.11,0.108,0.096,0.104,0.112,0.098,0.101,0.104,0.084,0.083,0.087,0.086,0.088,0.085,0.084,0.084,0.084,0.084,0.089,0.085,0.084,0.084,0.083,0.085,0.083,0.084
,01:30:00,30,0.451,0.63,0.443,0.098,0.084,0.403,0.369,0.331,0.389,0.084,0.083,0.083,0.127,0.126,0.127,0.137,0.125,0.132,0.126,0.121,0.125,0.128,0.131,0.132,0.129,0.137,0.136,0.128,0.133,0.133,0.118,0.128,0.126,0.139,0.133,0.133,0.13,0.142,0.143,0.127,0.139,0.163,0.082,0.084,0.086,0.083,0.086,0.084,0.119,0.112,0.124,0.116,0.12,0.122,0.114,0.109,0.11,0.121,0.121,0.102,0.101,0.109,0.108,0.112,0.117,0.106,0.115,0.108,0.114,0.113,0.112,0.114,0.098,0.103,0.117,0.098,0.101,0.105,0.084,0.084,0.087,0.086,0.088,0.085,0.084,0.085,0.084,0.084,0.089,0.085,0.084,0.084,0.083,0.086,0.083,0.084
,02:00:00,30,0.448,0.629,0.447,0.1,0.084,0.436,0.418,0.389,0.409,0.084,0.083,0.083,0.134,0.13,0.131,0.143,0.126,0.135,0.128,0.126,0.127,0.131,0.134,0.137,0.135,0.14,0.139,0.129,0.136,0.134,0.12,0.128,0.125,0.14,0.137,0.138,0.134,0.141,0.144,0.133,0.147,0.166,0.082,0.084,0.086,0.083,0.086,0.084,0.119,0.111,0.124,0.116,0.12,0.119,0.116,0.113,0.114,0.121,0.121,0.102,0.102,0.112,0.109,0.111,0.116,0.108,0.116,0.113,0.115,0.113,0.112,0.115,0.1,0.106,0.118,0.098,0.102,0.105,0.083,0.083,0.087,0.085,0.087,0.085,0.083,0.084,0.084,0.084,0.089,0.085,0.084,0.084,0.083,0.085,0.083,0.084
,02:30:00,30,0.446,0.649,0.452,0.102,0.084,0.43,0.417,0.397,0.413,0.084,0.083,0.083,0.132,0.135,0.136,0.147,0.133,0.14,0.133,0.129,0.13,0.136,0.139,0.143,0.136,0.146,0.142,0.134,0.144,0.139,0.12,0.127,0.126,0.146,0.14,0.143,0.139,0.148,0.156,0.158,0.159,0.183,0.082,0.084,0.086,0.083,0.086,0.084,0.119,0.112,0.125,0.117,0.12,0.118,0.116,0.115,0.116,0.121,0.121,0.106,0.105,0.112,0.111,0.111,0.115,0.109,0.116,0.115,0.113,0.113,0.113,0.118,0.102,0.11,0.119,0.099,0.102,0.105,0.084,0.084,0.087,0.086,0.088,0.085,0.084,0.084,0.084,0.084,0.09,0.085,0.084,0.084,0.083,0.085,0.083,0.084
,03:00:00,30,0.45,0.619,0.445,0.099,0.084,0.419,0.402,0.401,0.418,0.084,0.083,0.083,0.14,0.133,0.135,0.156,0.141,0.147,0.136,0.131,0.139,0.144,0.146,0.152,0.142,0.149,0.149,0.141,0.145,0.143,0.12,0.127,0.126,0.15,0.147,0.145,0.138,0.148,0.142,0.212,0.207,0.247,0.082,0.084,0.086,0.083,0.086,0.084,0.122,0.113,0.125,0.117,0.12,0.118,0.115,0.116,0.117,0.121,0.121,0.106,0.101,0.112,0.112,0.111,0.115,0.109,0.116,0.116,0.114,0.113,0.113,0.116,0.106,0.111,0.119,0.099,0.102,0.106,0.084,0.083,0.087,0.086,0.088,0.085,0.084,0.084,0.084,0.084,0.089,0.085,0.084,0.084,0.083,0.085,0.084,0.084
,03:30:00,30,0.45,0.604,0.442,0.097,0.084,0.409,0.387,0.379,0.419,0.084,0.083,0.083,0.139,0.132,0.134,0.17,0.137,0.148,0.14,0.135,0.142,0.15,0.155,0.163,0.142,0.154,0.155,0.144,0.163,0.142,0.122,0.129,0.126,0.149,0.149,0.15,0.137,0.152,0.146,0.255,0.248,0.267,0.082,0.084,0.086,0.083,0.086,0.084,0.122,0.114,0.126,0.117,0.12,0.118,0.116,0.116,0.117,0.121,0.122,0.112,0.107,0.113,0.113,0.111,0.116,0.109,0.116,0.115,0.113,0.113,0.113,0.118,0.11,0.112,0.119,0.1,0.103,0.106,0.084,0.083,0.087,0.086,0.088,0.085,0.084,0.084,0.084,0.084,0.089,0.085,0.084,0.084,0.083,0.085,0.084,0.084
,04:00:00,30,0.422,0.653,0.449,0.1,0.084,0.421,0.407,0.41,0.42,0.084,0.083,0.083,0.138,0.13,0.131,0.179,0.139,0.153,0.144,0.139,0.145,0.166,0.172,0.191,0.152,0.159,0.163,0.147,0.151,0.147,0.121,0.129,0.126,0.153,0.154,0.161,0.132,0.15,0.151,0.271,0.264,0.28,0.082,0.084,0.086,0.083,0.086,0.084,0.124,0.115,0.126,0.117,0.121,0.119,0.115,0.116,0.117,0.121,0.122,0.111,0.103,0.113,0.114,0.111,0.115,0.109,0.116,0.116,0.113,0.114,0.113,0.121,0.107,0.112,0.117,0.1,0.103,0.107,0.084,0.084,0.087,0.086,0.088,0.085,0.084,0.084,0.084,0.084,0.089,0.085,0.084,0.084,0.083,0.085,0.084,0.084
,04:30:00,30,0.446,0.656,0.452,0.102,0.084,0.439,0.425,0.411,0.422,0.084,0.084,0.083,0.131,0.128,0.129,0.175,0.143,0.157,0.149,0.154,0.155,0.174,0.189,0.221,0.159,0.164,0.172,0.144,0.142,0.143,0.121,0.13,0.126,0.163,0.171,0.177,0.131,0.15,0.149,0.236,0.252,0.273,0.082,0.084,0.086,0.083,0.086,0.084,0.127,0.114,0.126,0.118,0.122,0.12,0.115,0.116,0.117,0.121,0.121,0.115,0.109,0.113,0.115,0.111,0.116,0.11,0.116,0.116,0.113,0.115,0.117,0.124,0.106,0.113,0.119,0.101,0.104,0.107,0.084,0.084,0.087,0.086,0.088,0.085,0.084,0.085,0.084,0.084,0.089,0.085,0.084,0.084,0.083,0.085,0.083,0.084
,05:00:00,30,0.442,0.654,0.449,0.101,0.084,0.437,0.419,0.409,0.42,0.084,0.083,0.083,0.131,0.127,0.128,0.174,0.145,0.16,0.152,0.156,0.157,0.176,0.186,0.209,0.16,0.169,0.176,0.141,0.142,0.142,0.121,0.13,0.126,0.178,0.193,0.187,0.131,0.15,0.149,0.267,0.332,0.297,0.082,0.084,0.086,0.083,0.086,0.084,0.118,0.114,0.126,0.118,0.123,0.121,0.114,0.116,0.116,0.12,0.122,0.111,0.11,0.114,0.115,0.111,0.117,0.11,0.116,0.116,0.112,0.115,0.117,0.122,0.115,0.114,0.119,0.101,0.105,0.108,0.083,0.083,0.086,0.085,0.087,0.085,0.083,0.084,0.084,0.084,0.089,0.085,0.084,0.084,0.083,0.085,0.083,0.084
,05:30:00,30,0.443,0.659,0.45,0.101,0.084,0.437,0.423,0.409,0.421,0.084,0.083,0.083,0.131,0.128,0.129,0.176,0.147,0.165,0.156,0.166,0.16,0.184,0.194,0.209,0.17,0.176,0.184,0.141,0.14,0.141,0.121,0.13,0.127,0.198,0.206,0.192,0.132,0.15,0.148,0.36,0.367,0.373,0.082,0.084,0.086,0.083,0.086,0.084,0.127,0.116,0.126,0.119,0.123,0.122,0.115,0.116,0.116,0.121,0.123,0.116,0.108,0.115,0.116,0.112,0.117,0.111,0.116,0.116,0.113,0.115,0.118,0.125,0.113,0.115,0.121,0.102,0.106,0.108,0.084,0.084,0.087,0.086,0.088,0.085,0.084,0.084,0.084,0.084,0.089,0.085,0.084,0.084,0.083,0.085,0.084,0.084
,06:00:00,30,0.445,0.659,0.453,0.102,0.084,0.443,0.427,0.413,0.421,0.084,0.083,0.083,0.131,0.129,0.129,0.184,0.153,0.17,0.196,0.196,0.196,0.189,0.199,0.223,0.178,0.186,0.197,0.141,0.14,0.141,0.121,0.131,0.127,0.211,0.212,0.21,0.131,0.15,0.145,0.354,0.395,0.395,0.082,0.084,0.086,0.083,0.086,0.084,0.12,0.116,0.126,0.12,0.124,0.122,0.116,0.116,0.116,0.12,0.122,0.116,0.109,0.114,0.117,0.112,0.117,0.112,0.116,0.116,0.114,0.116,0.118,0.121,0.115,0.116,0.121,0.102,0.107,0.109,0.084,0.084,0.087,0.086,0.087,0.085,0.084,0.085,0.084,0.084,0.089,0.085,0.084,0.084,0.083,0.085,0.083,0.084
,06:30:00,30,0.44,0.64,0.448,0.101,0.084,0.441,0.426,0.412,0.42,0.084,0.083,0.083,0.131,0.129,0.13,0.195,0.161,0.178,0.209,0.223,0.225,0.193,0.194,0.224,0.179,0.193,0.21,0.141,0.141,0.141,0.121,0.13,0.126,0.228,0.228,0.229,0.131,0.148,0.143,0.411,0.427,0.438,0.082,0.084,0.086,0.083,0.086,0.084,0.128,0.116,0.127,0.12,0.125,0.122,0.116,0.118,0.116,0.12,0.123,0.117,0.112,0.115,0.117,0.112,0.118,0.113,0.116,0.117,0.114,0.117,0.118,0.124,0.114,0.116,0.121,0.103,0.108,0.11,0.084,0.084,0.087,0.086,0.087,0.085,0.084,0.084,0.084,0.084,0.089,0.085,0.084,0.084,0.083,0.086,0.083,0.084
,07:00:00,30,0.435,0.666,0.455,0.105,0.084,0.441,0.425,0.414,0.421,0.084,0.083,0.083,0.133,0.13,0.13,0.19,0.178,0.184,0.22,0.242,0.242,0.176,0.191,0.195,0.184,0.201,0.227,0.141,0.142,0.141,0.122,0.131,0.126,0.212,0.218,0.212,0.132,0.148,0.142,0.418,0.418,0.426,0.082,0.084,0.086,0.083,0.086,0.084,0.123,0.116,0.127,0.121,0.126,0.123,0.116,0.117,0.116,0.121,0.123,0.113,0.11,0.115,0.117,0.113,0.118,0.113,0.117,0.117,0.114,0.118,0.119,0.125,0.113,0.116,0.121,0.105,0.109,0.111,0.084,0.083,0.087,0.086,0.088,0.085,0.084,0.085,0.084,0.084,0.089,0.085,0.084,0.084,0.083,0.086,0.084,0.084
,07:30:00,30,0.445,0.626,0.446,0.1,0.084,0.443,0.426,0.411,0.42,0.084,0.083,0.083,0.132,0.131,0.131,0.204,0.19,0.207,0.266,0.252,0.284,0.181,0.213,0.207,0.216,0.211,0.219,0.142,0.142,0.142,0.122,0.131,0.127,0.208,0.202,0.21,0.131,0.149,0.141,0.468,0.492,0.494,0.082,0.084,0.086,0.083,0.086,0.084,0.127,0.115,0.127,0.12,0.125,0.123,0.116,0.117,0.116,0.122,0.122,0.116,0.112,0.115,0.117,0.114,0.119,0.115,0.117,0.118,0.116,0.118,0.118,0.124,0.113,0.117,0.122,0.105,0.11,0.112,0.084,0.084,0.087,0.086,0.088,0.085,0.084,0.085,0.084,0.084,0.089,0.085,0.084,0.084,0.083,0.086,0.084,0.084
,08:00:00,30,0.436,0.658,0.456,0.104,0.083,0.44,0.427,0.408,0.42,0.084,0.083,0.083,0.131,0.131,0.131,0.206,0.193,0.204,0.323,0.33,0.338,0.201,0.193,0.202,0.22,0.215,0.25,0.141,0.142,0.141,0.122,0.132,0.127,0.201,0.189,0.189,0.131,0.148,0.141,0.537,0.545,0.565,0.082,0.084,0.086,0.083,0.086,0.084,0.123,0.115,0.126,0.12,0.125,0.123,0.116,0.117,0.116,0.121,0.121,0.116,0.112,0.114,0.117,0.115,0.119,0.115,0.117,0.118,0.115,0.118,0.12,0.125,0.115,0.118,0.122,0.106,0.111,0.113,0.084,0.083,0.087,0.085,0.088,0.085,0.084,0.084,0.084,0.084,0.089,0.085,0.084,0.084,0.083,0.085,0.083,0.084
,08:30:00,30,0.447,0.623,0.447,0.1,0.084,0.444,0.427,0.412,0.419,0.084,0.083,0.083,0.131,0.13,0.131,0.21,0.204,0.217,0.33,0.31,0.31,0.198,0.229,0.213,0.228,0.228,0.234,0.139,0.14,0.14,0.122,0.131,0.126,0.202,0.188,0.178,0.13,0.148,0.14,0.564,0.566,0.585,0.082,0.084,0.086,0.083,0.086,0.084,0.129,0.114,0.126,0.121,0.124,0.123,0.116,0.117,0.115,0.121,0.121,0.117,0.111,0.114,0.118,0.116,0.12,0.117,0.117,0.118,0.115,0.119,0.121,0.124,0.113,0.118,0.122,0.107,0.113,0.114,0.084,0.083,0.087,0.085,0.087,0.085,0.084,0.084,0.084,0.084,0.089,0.085,0.084,0.084,0.083,0.085,0.083,0.084
,09:00:00,30,0.441,0.654,0.451,0.102,0.084,0.444,0.429,0.412,0.417,0.084,0.083,0.083,0.131,0.13,0.131,0.215,0.192,0.21,0.327,0.319,0.322,0.211,0.212,0.219,0.217,0.22,0.231,0.14,0.14,0.14,0.123,0.131,0.126,0.202,0.19,0.172,0.131,0.147,0.14,0.572,0.59,0.576,0.082,0.084,0.086,0.083,0.086,0.084,0.127,0.115,0.126,0.122,0.124,0.123,0.115,0.118,0.115,0.121,0.121,0.116,0.108,0.115,0.118,0.117,0.12,0.118,0.117,0.118,0.115,0.12,0.121,0.124,0.115,0.118,0.122,0.109,0.115,0.116,0.084,0.084,0.087,0.086,0.088,0.085,0.084,0.085,0.084,0.084,0.089,0.085,0.084,0.084,0.083,0.085,0.083,0.084
,09:30:00,30,0.403,0.66,0.45,0.102,0.084,0.444,0.429,0.413,0.418,0.084,0.083,0.083,0.131,0.131,0.131,0.217,0.22,0.214,0.336,0.322,0.329,0.226,0.217,0.228,0.234,0.255,0.243,0.139,0.14,0.14,0.124,0.131,0.126,0.201,0.188,0.167,0.13,0.147,0.14,0.556,0.579,0.587,0.082,0.084,0.086,0.083,0.086,0.084,0.129,0.114,0.126,0.123,0.124,0.123,0.116,0.118,0.116,0.12,0.122,0.114,0.112,0.115,0.118,0.117,0.121,0.117,0.117,0.118,0.116,0.121,0.122,0.125,0.116,0.118,0.122,0.111,0.117,0.118,0.084,0.084,0.087,0.086,0.088,0.085,0.084,0.085,0.084,0.084,0.089,0.085,0.084,0.084,0.083,0.086,0.084,0.084
,10:00:00,30,0.403,0.661,0.456,0.105,0.084,0.442,0.428,0.412,0.416,0.084,0.083,0.083,0.13,0.131,0.13,0.211,0.198,0.218,0.335,0.32,0.33,0.24,0.219,0.241,0.231,0.225,0.237,0.139,0.14,0.14,0.125,0.13,0.126,0.199,0.186,0.167,0.13,0.147,0.14,0.59,0.6,0.626,0.082,0.084,0.086,0.083,0.086,0.084,0.124,0.115,0.125,0.123,0.123,0.123,0.116,0.118,0.116,0.121,0.122,0.116,0.112,0.115,0.118,0.117,0.121,0.118,0.117,0.118,0.116,0.121,0.121,0.127,0.115,0.117,0.122,0.113,0.118,0.119,0.084,0.083,0.087,0.086,0.088,0.085,0.084,0.085,0.084,0.084,0.089,0.085,0.084,0.084,0.083,0.085,0.084,0.084
,10:30:00,30,0.401,0.659,0.456,0.105,0.084,0.441,0.427,0.41,0.416,0.084,0.083,0.083,0.13,0.131,0.131,0.231,0.189,0.224,0.328,0.317,0.32,0.245,0.236,0.234,0.228,0.236,0.247,0.14,0.14,0.141,0.125,0.13,0.126,0.198,0.179,0.168,0.13,0.148,0.14,0.64,0.657,0.669,0.082,0.084,0.086,0.083,0.086,0.084,0.125,0.115,0.124,0.124,0.124,0.123,0.116,0.12,0.116,0.121,0.122,0.116,0.111,0.115,0.118,0.117,0.121,0.118,0.117,0.118,0.116,0.12,0.122,0.125,0.116,0.117,0.122,0.115,0.121,0.122,0.084,0.084,0.087,0.086,0.088,0.085,0.084,0.084,0.084,0.084,0.089,0.085,0.084,0.084,0.083,0.086,0.084,0.084
,11:00:00,30,0.412,0.669,0.458,0.105,0.084,0.443,0.43,0.412,0.416,0.084,0.083,0.083,0.13,0.131,0.131,0.228,0.215,0.209,0.321,0.313,0.314,0.242,0.237,0.262,0.231,0.237,0.235,0.14,0.14,0.142,0.125,0.13,0.125,0.194,0.177,0.167,0.13,0.149,0.14,0.663,0.679,0.684,0.082,0.084,0.086,0.083,0.086,0.084,0.125,0.115,0.124,0.124,0.124,0.123,0.116,0.12,0.116,0.121,0.121,0.116,0.112,0.115,0.117,0.117,0.12,0.117,0.117,0.118,0.116,0.12,0.122,0.127,0.115,0.118,0.121,0.116,0.124,0.123,0.084,0.084,0.087,0.086,0.087,0.085,0.084,0.085,0.084,0.084,0.089,0.085,0.084,0.084,0.083,0.085,0.084,0.084
,11:30:00,30,0.42,0.669,0.457,0.105,0.084,0.446,0.431,0.412,0.417,0.084,0.083,0.083,0.131,0.13,0.131,0.224,0.22,0.237,0.326,0.307,0.315,0.249,0.26,0.261,0.232,0.251,0.237,0.141,0.141,0.142,0.125,0.13,0.125,0.192,0.178,0.168,0.13,0.15,0.14,0.674,0.694,0.703,0.082,0.084,0.086,0.083,0.086,0.084,0.125,0.115,0.123,0.125,0.124,0.124,0.116,0.12,0.116,0.12,0.121,0.117,0.108,0.115,0.117,0.116,0.12,0.117,0.116,0.118,0.117,0.12,0.123,0.126,0.115,0.119,0.121,0.117,0.126,0.125,0.084,0.083,0.087,0.086,0.087,0.085,0.084,0.084,0.084,0.084,0.089,0.085,0.084,0.084,0.083,0.085,0.083,0.084
,12:00:00,30,0.422,0.67,0.458,0.106,0.084,0.445,0.433,0.413,0.414,0.084,0.083,0.083,0.131,0.13,0.131,0.256,0.226,0.242,0.324,0.304,0.314,0.272,0.273,0.26,0.246,0.275,0.263,0.141,0.141,0.141,0.125,0.129,0.124,0.19,0.178,0.168,0.129,0.15,0.14,0.696,0.715,0.726,0.082,0.084,0.086,0.083,0.086,0.084,0.125,0.115,0.123,0.126,0.123,0.125,0.117,0.12,0.116,0.12,0.12,0.116,0.112,0.115,0.117,0.116,0.12,0.118,0.116,0.119,0.117,0.121,0.124,0.127,0.116,0.117,0.121,0.12,0.128,0.127,0.084,0.083,0.087,0.086,0.088,0.085,0.084,0.084,0.084,0.084,0.089,0.085,0.084,0.084,0.083,0.085,0.083,0.084
,12:30:00,30,0.423,0.669,0.459,0.105,0.084,0.445,0.433,0.412,0.415,0.084,0.083,0.083,0.131,0.13,0.131,0.236,0.24,0.251,0.324,0.305,0.314,0.269,0.286,0.29,0.225,0.258,0.254,0.142,0.141,0.144,0.125,0.129,0.124,0.19,0.179,0.167,0.129,0.151,0.14,0.714,0.733,0.734,0.082,0.084,0.086,0.083,0.086,0.084,0.127,0.115,0.123,0.127,0.123,0.125,0.117,0.119,0.116,0.121,0.12,0.117,0.113,0.115,0.116,0.116,0.12,0.118,0.116,0.118,0.117,0.121,0.124,0.126,0.115,0.117,0.121,0.121,0.129,0.128,0.084,0.084,0.087,0.086,0.088,0.085,0.084,0.084,0.084,0.084,0.089,0.085,0.084,0.084,0.083,0.085,0.083,0.084
,13:00:00,30,0.424,0.672,0.459,0.106,0.084,0.446,0.433,0.412,0.413,0.084,0.083,0.083,0.13,0.13,0.131,0.255,0.245,0.252,0.321,0.305,0.315,0.288,0.289,0.303,0.263,0.255,0.235,0.142,0.142,0.145,0.125,0.131,0.123,0.19,0.18,0.168,0.13,0.151,0.141,0.725,0.747,0.742,0.082,0.084,0.086,0.083,0.086,0.084,0.127,0.115,0.122,0.13,0.123,0.125,0.117,0.119,0.116,0.121,0.121,0.117,0.112,0.115,0.117,0.115,0.119,0.118,0.116,0.118,0.116,0.122,0.124,0.127,0.116,0.117,0.12,0.122,0.131,0.13,0.084,0.083,0.087,0.086,0.088,0.085,0.084,0.084,0.084,0.084,0.089,0.085,0.084,0.084,0.083,0.085,0.083,0.084
,13:30:00,30,0.425,0.671,0.459,0.106,0.084,0.445,0.434,0.413,0.414,0.084,0.083,0.083,0.13,0.13,0.131,0.233,0.247,0.25,0.32,0.305,0.312,0.3,0.297,0.303,0.252,0.264,0.253,0.142,0.143,0.145,0.124,0.134,0.123,0.189,0.18,0.167,0.129,0.152,0.141,0.729,0.758,0.765,0.082,0.084,0.086,0.083,0.086,0.084,0.128,0.115,0.121,0.132,0.123,0.126,0.117,0.119,0.116,0.121,0.121,0.117,0.112,0.116,0.118,0.115,0.119,0.118,0.117,0.118,0.117,0.123,0.124,0.126,0.116,0.118,0.12,0.124,0.134,0.132,0.084,0.084,0.087,0.086,0.087,0.085,0.084,0.084,0.084,0.084,0.089,0.085,0.084,0.084,0.083,0.086,0.083,0.084
,14:00:00,30,0.425,0.671,0.459,0.106,0.084,0.445,0.433,0.413,0.413,0.084,0.083,0.083,0.13,0.13,0.132,0.269,0.256,0.27,0.321,0.307,0.314,0.29,0.305,0.305,0.252,0.266,0.244,0.143,0.144,0.146,0.124,0.135,0.123,0.189,0.178,0.166,0.129,0.153,0.141,0.74,0.767,0.776,0.083,0.084,0.086,0.083,0.086,0.085,0.127,0.116,0.118,0.135,0.123,0.126,0.116,0.119,0.116,0.12,0.122,0.116,0.109,0.117,0.117,0.116,0.119,0.117,0.116,0.118,0.117,0.124,0.125,0.126,0.116,0.118,0.121,0.126,0.136,0.134,0.084,0.084,0.087,0.086,0.088,0.085,0.084,0.085,0.084,0.085,0.089,0.085,0.084,0.084,0.083,0.086,0.084,0.084
,14:30:00,30,0.423,0.67,0.458,0.106,0.084,0.445,0.433,0.412,0.414,0.084,0.083,0.083,0.13,0.13,0.131,0.267,0.254,0.264,0.323,0.31,0.315,0.314,0.316,0.321,0.252,0.267,0.255,0.143,0.143,0.147,0.123,0.135,0.123,0.187,0.179,0.166,0.129,0.153,0.141,0.751,0.793,0.785,0.082,0.084,0.086,0.083,0.086,0.084,0.127,0.116,0.12,0.136,0.122,0.126,0.116,0.118,0.116,0.121,0.121,0.116,0.11,0.117,0.118,0.116,0.119,0.118,0.116,0.118,0.117,0.125,0.125,0.128,0.115,0.117,0.12,0.127,0.138,0.135,0.084,0.083,0.087,0.086,0.088,0.085,0.084,0.085,0.084,0.084,0.089,0.085,0.084,0.084,0.083,0.086,0.084,0.084
,15:00:00,30,0.424,0.671,0.459,0.105,0.084,0.444,0.433,0.412,0.413,0.084,0.083,0.083,0.129,0.13,0.131,0.271,0.272,0.284,0.33,0.31,0.318,0.315,0.332,0.317,0.242,0.256,0.249,0.143,0.143,0.148,0.122,0.135,0.122,0.186,0.181,0.165,0.128,0.153,0.141,0.788,0.795,0.803,0.082,0.084,0.086,0.083,0.086,0.084,0.127,0.116,0.117,0.138,0.123,0.126,0.116,0.116,0.116,0.122,0.12,0.117,0.111,0.117,0.118,0.116,0.119,0.119,0.116,0.118,0.117,0.126,0.126,0.128,0.116,0.118,0.12,0.128,0.139,0.137,0.084,0.084,0.087,0.086,0.087,0.085,0.084,0.084,0.084,0.084,0.089,0.085,0.084,0.084,0.083,0.085,0.083,0.084
,15:30:00,30,0.425,0.671,0.459,0.106,0.084,0.445,0.432,0.411,0.413,0.084,0.083,0.083,0.129,0.13,0.131,0.28,0.271,0.281,0.329,0.31,0.319,0.325,0.334,0.325,0.256,0.268,0.256,0.144,0.144,0.15,0.122,0.134,0.121,0.186,0.182,0.164,0.128,0.153,0.141,0.792,0.812,0.819,0.082,0.084,0.086,0.083,0.086,0.084,0.128,0.116,0.112,0.14,0.122,0.125,0.116,0.115,0.117,0.122,0.12,0.117,0.113,0.118,0.118,0.116,0.119,0.118,0.116,0.118,0.116,0.124,0.127,0.127,0.117,0.117,0.12,0.13,0.141,0.138,0.084,0.083,0.087,0.086,0.088,0.085,0.083,0.084,0.084,0.084,0.089,0.085,0.084,0.084,0.083,0.085,0.083,0.084
,16:00:00,30,0.425,0.67,0.459,0.106,0.084,0.445,0.433,0.412,0.414,0.084,0.083,0.083,0.13,0.13,0.131,0.286,0.281,0.294,0.335,0.314,0.323,0.346,0.326,0.346,0.261,0.264,0.256,0.145,0.145,0.15,0.121,0.134,0.122,0.187,0.183,0.165,0.128,0.153,0.14,0.813,0.834,0.844,0.082,0.084,0.086,0.083,0.086,0.084,0.128,0.116,0.114,0.139,0.122,0.124,0.116,0.115,0.117,0.122,0.12,0.117,0.111,0.119,0.118,0.117,0.119,0.117,0.116,0.118,0.116,0.124,0.128,0.126,0.115,0.118,0.119,0.132,0.144,0.141,0.083,0.083,0.087,0.086,0.087,0.085,0.084,0.084,0.084,0.084,0.089,0.085,0.084,0.084,0.083,0.085,0.083,0.084
,16:30:00,30,0.424,0.671,0.459,0.106,0.083,0.445,0.433,0.412,0.413,0.084,0.083,0.083,0.129,0.13,0.13,0.29,0.28,0.293,0.333,0.317,0.325,0.344,0.352,0.338,0.266,0.263,0.257,0.144,0.146,0.15,0.12,0.134,0.122,0.185,0.182,0.163,0.128,0.153,0.14,0.827,0.848,0.863,0.082,0.084,0.086,0.083,0.086,0.084,0.127,0.116,0.119,0.14,0.122,0.122,0.116,0.115,0.117,0.121,0.121,0.116,0.113,0.12,0.118,0.117,0.119,0.118,0.116,0.118,0.117,0.124,0.128,0.127,0.116,0.118,0.12,0.133,0.146,0.142,0.084,0.083,0.087,0.086,0.087,0.085,0.084,0.084,0.084,0.084,0.089,0.085,0.084,0.084,0.083,0.085,0.083,0.084
,17:00:00,30,0.421,0.671,0.459,0.106,0.084,0.445,0.433,0.413,0.414,0.084,0.083,0.083,0.129,0.13,0.13,0.29,0.285,0.294,0.339,0.317,0.323,0.358,0.351,0.33,0.282,0.265,0.26,0.144,0.147,0.149,0.119,0.134,0.121,0.186,0.183,0.163,0.128,0.154,0.14,0.845,0.871,0.886,0.082,0.084,0.086,0.083,0.086,0.084,0.128,0.115,0.121,0.146,0.123,0.122,0.117,0.116,0.117,0.123,0.121,0.116,0.114,0.122,0.118,0.116,0.119,0.118,0.116,0.118,0.117,0.125,0.127,0.129,0.116,0.118,0.12,0.136,0.148,0.144,0.084,0.084,0.087,0.086,0.088,0.085,0.084,0.084,0.084,0.084,0.089,0.085,0.084,0.084,0.083,0.085,0.084,0.084
,17:30:00,30,0.42,0.672,0.459,0.106,0.084,0.446,0.433,0.413,0.414,0.084,0.083,0.083,0.129,0.129,0.13,0.298,0.295,0.297,0.338,0.318,0.323,0.372,0.35,0.338,0.26,0.265,0.264,0.144,0.147,0.149,0.118,0.134,0.121,0.186,0.184,0.162,0.127,0.154,0.14,0.87,0.894,0.9,0.082,0.084,0.086,0.083,0.086,0.084,0.127,0.116,0.122,0.157,0.123,0.123,0.117,0.116,0.117,0.123,0.122,0.117,0.114,0.124,0.118,0.117,0.119,0.119,0.116,0.118,0.116,0.127,0.129,0.128,0.115,0.117,0.12,0.137,0.149,0.146,0.084,0.083,0.087,0.086,0.088,0.085,0.084,0.084,0.084,0.084,0.089,0.085,0.084,0.084,0.083,0.085,0.083,0.084
,18:00:00,30,0.423,0.671,0.46,0.107,0.084,0.443,0.433,0.41,0.411,0.084,0.083,0.083,0.129,0.13,0.13,0.301,0.299,0.306,0.337,0.317,0.325,0.372,0.36,0.333,0.279,0.268,0.267,0.144,0.147,0.148,0.118,0.133,0.121,0.185,0.187,0.162,0.127,0.155,0.141,0.878,0.913,0.915,0.082,0.084,0.086,0.083,0.086,0.084,0.128,0.116,0.122,0.16,0.124,0.122,0.117,0.118,0.117,0.124,0.122,0.117,0.115,0.123,0.118,0.117,0.12,0.119,0.116,0.118,0.116,0.129,0.13,0.128,0.117,0.117,0.12,0.139,0.152,0.147,0.084,0.084,0.087,0.086,0.088,0.085,0.084,0.085,0.084,0.084,0.089,0.085,0.084,0.084,0.083,0.085,0.084,0.084
,18:30:00,30,0.423,0.671,0.46,0.106,0.083,0.445,0.433,0.412,0.412,0.084,0.083,0.083,0.128,0.129,0.13,0.306,0.302,0.31,0.336,0.322,0.328,0.37,0.358,0.327,0.273,0.271,0.271,0.143,0.147,0.148,0.117,0.132,0.12,0.186,0.187,0.161,0.126,0.155,0.141,0.901,0.924,0.933,0.082,0.084,0.086,0.083,0.086,0.084,0.128,0.117,0.123,0.167,0.124,0.121,0.116,0.118,0.117,0.124,0.121,0.117,0.114,0.123,0.117,0.117,0.12,0.119,0.116,0.117,0.116,0.129,0.131,0.128,0.116,0.118,0.12,0.139,0.153,0.148,0.083,0.083,0.087,0.086,0.088,0.085,0.084,0.084,0.084,0.084,0.089,0.085,0.084,0.084,0.083,0.085,0.083,0.084
,19:00:00,30,0.423,0.672,0.459,0.106,0.084,0.444,0.434,0.413,0.412,0.084,0.083,0.083,0.128,0.129,0.13,0.309,0.308,0.312,0.34,0.32,0.332,0.365,0.358,0.325,0.263,0.273,0.275,0.143,0.147,0.148,0.116,0.132,0.121,0.187,0.189,0.161,0.126,0.156,0.141,0.91,0.945,0.941,0.082,0.084,0.086,0.083,0.086,0.084,0.128,0.117,0.123,0.168,0.125,0.121,0.116,0.119,0.117,0.124,0.12,0.116,0.114,0.122,0.117,0.117,0.121,0.119,0.116,0.117,0.116,0.131,0.131,0.129,0.117,0.118,0.119,0.141,0.155,0.15,0.084,0.083,0.087,0.086,0.087,0.085,0.084,0.084,0.084,0.084,0.089,0.085,0.084,0.084,0.083,0.085,0.083,0.084
,19:30:00,30,0.422,0.672,0.46,0.106,0.084,0.443,0.434,0.412,0.411,0.084,0.083,0.083,0.128,0.129,0.13,0.314,0.311,0.317,0.342,0.319,0.33,0.371,0.361,0.327,0.264,0.275,0.28,0.143,0.147,0.147,0.116,0.131,0.12,0.19,0.187,0.16,0.126,0.157,0.142,0.929,0.955,0.963,0.082,0.084,0.086,0.083,0.086,0.084,0.128,0.117,0.123,0.169,0.125,0.122,0.117,0.119,0.117,0.123,0.121,0.117,0.114,0.123,0.118,0.117,0.121,0.12,0.115,0.117,0.116,0.13,0.132,0.131,0.117,0.117,0.12,0.142,0.157,0.152,0.084,0.084,0.087,0.086,0.088,0.085,0.084,0.084,0.084,0.084,0.089,0.085,0.084,0.084,0.083,0.086,0.083,0.084
,20:00:00,30,0.422,0.671,0.459,0.106,0.084,0.444,0.434,0.413,0.412,0.084,0.083,0.083,0.127,0.129,0.13,0.316,0.313,0.325,0.338,0.318,0.322,0.371,0.355,0.328,0.275,0.282,0.283,0.143,0.147,0.147,0.115,0.13,0.119,0.191,0.184,0.159,0.126,0.156,0.142,0.946,0.967,0.973,0.082,0.084,0.086,0.083,0.086,0.084,0.129,0.117,0.123,0.17,0.125,0.122,0.118,0.118,0.117,0.124,0.121,0.118,0.114,0.124,0.118,0.118,0.122,0.119,0.115,0.117,0.116,0.128,0.132,0.13,0.117,0.118,0.119,0.145,0.159,0.153,0.084,0.084,0.087,0.086,0.088,0.085,0.084,0.084,0.084,0.084,0.089,0.085,0.084,0.084,0.083,0.085,0.084,0.084
,20:30:00,30,0.423,0.67,0.459,0.106,0.083,0.445,0.435,0.413,0.412,0.084,0.083,0.083,0.128,0.129,0.129,0.32,0.318,0.323,0.343,0.322,0.321,0.369,0.359,0.324,0.275,0.282,0.285,0.142,0.147,0.147,0.114,0.129,0.12,0.193,0.18,0.159,0.126,0.156,0.142,0.957,0.982,0.991,0.082,0.084,0.086,0.083,0.086,0.084,0.129,0.119,0.122,0.174,0.125,0.122,0.118,0.116,0.117,0.124,0.122,0.118,0.114,0.123,0.118,0.118,0.123,0.119,0.115,0.117,0.115,0.128,0.132,0.13,0.117,0.117,0.119,0.146,0.161,0.155,0.084,0.083,0.087,0.086,0.087,0.085,0.084,0.084,0.084,0.084,0.089,0.085,0.084,0.084,0.083,0.085,0.083,0.084
,21:00:00,30,0.422,0.673,0.46,0.106,0.084,0.446,0.434,0.413,0.413,0.084,0.084,0.083,0.128,0.129,0.129,0.318,0.32,0.328,0.34,0.321,0.322,0.368,0.357,0.343,0.267,0.287,0.285,0.142,0.146,0.146,0.114,0.128,0.12,0.194,0.176,0.159,0.126,0.156,0.143,0.971,0.998,1.001,0.083,0.084,0.086,0.083,0.086,0.084,0.129,0.121,0.123,0.178,0.126,0.123,0.118,0.116,0.117,0.124,0.122,0.118,0.115,0.123,0.118,0.118,0.128,0.12,0.115,0.117,0.115,0.129,0.133,0.131,0.117,0.117,0.119,0.148,0.162,0.157,0.084,0.084,0.087,0.086,0.088,0.085,0.084,0.085,0.084,0.084,0.089,0.085,0.084,0.084,0.083,0.086,0.083,0.084
,21:30:00,30,0.423,0.673,0.46,0.107,0.084,0.445,0.436,0.414,0.412,0.084,0.083,0.083,0.127,0.129,0.129,0.319,0.322,0.328,0.343,0.321,0.32,0.368,0.355,0.339,0.27,0.289,0.288,0.141,0.146,0.146,0.113,0.127,0.119,0.196,0.172,0.158,0.125,0.156,0.143,0.985,1.009,1.011,0.082,0.084,0.086,0.083,0.086,0.084,0.13,0.122,0.123,0.181,0.126,0.123,0.117,0.115,0.117,0.125,0.122,0.117,0.114,0.123,0.118,0.118,0.126,0.12,0.115,0.117,0.115,0.131,0.134,0.131,0.115,0.118,0.119,0.149,0.164,0.159,0.084,0.083,0.087,0.086,0.087,0.085,0.084,0.084,0.084,0.084,0.089,0.085,0.084,0.084,0.083,0.085,0.083,0.084
,22:00:00,30,0.422,0.673,0.46,0.106,0.084,0.445,0.435,0.415,0.413,0.084,0.083,0.083,0.127,0.128,0.129,0.317,0.323,0.333,0.34,0.321,0.321,0.368,0.354,0.344,0.267,0.287,0.289,0.141,0.146,0.146,0.113,0.126,0.12,0.197,0.174,0.158,0.125,0.156,0.144,1.002,1.025,1.028,0.082,0.084,0.086,0.083,0.086,0.084,0.132,0.124,0.123,0.182,0.126,0.123,0.117,0.115,0.117,0.126,0.122,0.118,0.114,0.124,0.119,0.119,0.127,0.121,0.116,0.117,0.116,0.133,0.135,0.134,0.116,0.118,0.119,0.15,0.166,0.16,0.084,0.084,0.087,0.086,0.087,0.085,0.084,0.085,0.084,0.084,0.089,0.085,0.084,0.084,0.083,0.085,0.083,0.084
,22:30:00,30,0.423,0.673,0.461,0.107,0.084,0.445,0.435,0.414,0.414,0.084,0.083,0.083,0.127,0.128,0.129,0.318,0.323,0.333,0.337,0.317,0.318,0.367,0.354,0.349,0.269,0.288,0.289,0.141,0.146,0.145,0.113,0.125,0.119,0.199,0.173,0.157,0.125,0.156,0.144,1.023,1.034,1.041,0.082,0.084,0.086,0.083,0.086,0.084,0.132,0.124,0.123,0.181,0.127,0.123,0.118,0.116,0.117,0.126,0.121,0.119,0.114,0.125,0.12,0.119,0.126,0.121,0.116,0.117,0.115,0.135,0.136,0.136,0.116,0.118,0.119,0.152,0.168,0.162,0.084,0.083,0.087,0.086,0.088,0.085,0.084,0.085,0.084,0.084,0.089,0.085,0.084,0.084,0.083,0.086,0.084,0.084
,23:00:00,30,0.421,0.672,0.46,0.106,0.084,0.445,0.435,0.413,0.412,0.084,0.083,0.083,0.126,0.128,0.128,0.321,0.32,0.334,0.344,0.319,0.315,0.363,0.354,0.348,0.269,0.287,0.288,0.14,0.145,0.145,0.112,0.124,0.118,0.2,0.171,0.157,0.125,0.156,0.144,1.025,1.044,1.047,0.082,0.084,0.086,0.083,0.086,0.084,0.133,0.123,0.123,0.182,0.127,0.123,0.119,0.117,0.117,0.125,0.122,0.119,0.114,0.127,0.121,0.119,0.126,0.122,0.116,0.116,0.116,0.138,0.137,0.134,0.116,0.118,0.119,0.153,0.169,0.163,0.084,0.083,0.087,0.086,0.088,0.085,0.084,0.084,0.084,0.084,0.089,0.085,0.084,0.084,0.083,0.085,0.084,0.084
,23:30:00,30,0.424,0.673,0.46,0.106,0.084,0.446,0.436,0.414,0.414,0.084,0.083,0.083,0.126,0.128,0.128,0.325,0.325,0.337,0.339,0.317,0.314,0.364,0.351,0.353,0.27,0.288,0.289,0.14,0.145,0.144,0.112,0.123,0.118,0.201,0.169,0.155,0.124,0.157,0.144,1.039,1.062,1.062,0.082,0.084,0.086,0.083,0.086,0.084,0.133,0.122,0.122,0.184,0.127,0.123,0.119,0.119,0.117,0.125,0.122,0.119,0.114,0.13,0.122,0.12,0.125,0.122,0.116,0.117,0.116,0.137,0.137,0.133,0.116,0.117,0.119,0.155,0.171,0.165,0.084,0.083,0.087,0.086,0.088,0.085,0.084,0.085,0.084,0.084,0.089,0.085,0.084,0.084,0.083,0.085,0.083,0.084
,24:00:00,30,0.423,0.673,0.46,0.106,0.084,0.445,0.434,0.412,0.413,0.084,0.083,0.083,0.126,0.128,0.128,0.327,0.327,0.339,0.335,0.314,0.317,0.364,0.354,0.357,0.269,0.287,0.289,0.14,0.145,0.144,0.112,0.122,0.118,0.201,0.166,0.155,0.124,0.157,0.144,1.045,1.071,1.072,0.083,0.084,0.086,0.083,0.086,0.084,0.132,0.122,0.123,0.187,0.128,0.124,0.12,0.12,0.117,0.126,0.123,0.119,0.114,0.134,0.124,0.121,0.125,0.123,0.116,0.117,0.116,0.135,0.137,0.134,0.117,0.118,0.119,0.157,0.173,0.167,0.084,0.084,0.087,0.086,0.088,0.085,0.084,0.085,0.084,0.084,0.089,0.085,0.084,0.084,0.083,0.085,0.084,0.084
,24:30:00,30,0.424,0.672,0.46,0.106,0.084,0.445,0.434,0.414,0.414,0.084,0.083,0.083,0.126,0.128,0.128,0.329,0.332,0.341,0.333,0.316,0.312,0.364,0.35,0.355,0.272,0.286,0.289,0.139,0.144,0.143,0.111,0.121,0.117,0.202,0.163,0.154,0.124,0.157,0.144,1.055,1.084,1.079,0.082,0.084,0.086,0.083,0.086,0.084,0.133,0.122,0.123,0.191,0.128,0.124,0.122,0.121,0.117,0.125,0.123,0.118,0.114,0.14,0.125,0.122,0.125,0.129,0.116,0.117,0.116,0.135,0.137,0.136,0.118,0.118,0.119,0.158,0.175,0.168,0.084,0.084,0.087,0.086,0.087,0.085,0.084,0.085,0.084,0.084,0.089,0.085,0.084,0.084,0.083,0.085,0.083,0.084
,25:00:00,30,0.423,0.673,0.46,0.106,0.084,0.447,0.435,0.416,0.414,0.084,0.083,0.083,0.125,0.128,0.128,0.331,0.333,0.34,0.336,0.312,0.309,0.362,0.353,0.361,0.274,0.286,0.29,0.138,0.144,0.143,0.111,0.12,0.117,0.203,0.16,0.153,0.124,0.157,0.144,1.064,1.09,1.089,0.082,0.084,0.086,0.083,0.086,0.084,0.132,0.122,0.123,0.196,0.128,0.124,0.125,0.121,0.117,0.126,0.124,0.119,0.114,0.147,0.127,0.123,0.125,0.127,0.117,0.117,0.116,0.136,0.138,0.137,0.117,0.118,0.119,0.16,0.176,0.17,0.084,0.083,0.087,0.086,0.087,0.085,0.084,0.084,0.084,0.084,0.089,0.085,0.084,0.084,0.083,0.085,0.083,0.084
,25:30:00,30,0.425,0.672,0.46,0.107,0.084,0.446,0.435,0.414,0.413,0.084,0.083,0.083,0.125,0.128,0.128,0.334,0.335,0.343,0.332,0.311,0.306,0.366,0.355,0.354,0.273,0.286,0.29,0.138,0.143,0.142,0.111,0.119,0.116,0.203,0.158,0.153,0.123,0.157,0.144,1.073,1.1,1.102,0.082,0.084,0.086,0.083,0.086,0.084,0.133,0.121,0.123,0.198,0.128,0.125,0.13,0.122,0.118,0.126,0.123,0.12,0.114,0.154,0.129,0.125,0.125,0.127,0.117,0.118,0.116,0.139,0.14,0.136,0.118,0.119,0.119,0.161,0.178,0.171,0.084,0.083,0.087,0.086,0.088,0.085,0.084,0.084,0.084,0.084,0.089,0.085,0.084,0.084,0.083,0.085,0.084,0.084
,26:00:00,30,0.424,0.673,0.46,0.107,0.084,0.446,0.435,0.416,0.414,0.084,0.083,0.083,0.125,0.128,0.128,0.335,0.339,0.344,0.333,0.307,0.301,0.37,0.356,0.353,0.275,0.287,0.291,0.137,0.143,0.142,0.11,0.118,0.117,0.203,0.157,0.152,0.124,0.157,0.144,1.083,1.107,1.106,0.082,0.084,0.086,0.083,0.086,0.084,0.133,0.121,0.123,0.198,0.129,0.125,0.133,0.121,0.118,0.127,0.124,0.121,0.114,0.141,0.13,0.125,0.124,0.127,0.118,0.118,0.116,0.139,0.141,0.135,0.117,0.119,0.119,0.163,0.18,0.172,0.084,0.084,0.087,0.086,0.087,0.085,0.084,0.085,0.084,0.084,0.089,0.085,0.084,0.084,0.083,0.086,0.084,0.084
,26:30:00,30,0.422,0.673,0.46,0.106,0.084,0.445,0.436,0.413,0.414,0.084,0.083,0.083,0.125,0.127,0.127,0.337,0.341,0.345,0.329,0.31,0.296,0.37,0.359,0.349,0.275,0.288,0.291,0.137,0.142,0.141,0.11,0.118,0.116,0.203,0.156,0.152,0.123,0.157,0.144,1.082,1.117,1.114,0.082,0.084,0.086,0.083,0.086,0.084,0.132,0.121,0.123,0.198,0.129,0.126,0.137,0.119,0.118,0.127,0.124,0.12,0.115,0.142,0.13,0.126,0.124,0.126,0.117,0.118,0.116,0.142,0.142,0.136,0.119,0.119,0.119,0.164,0.181,0.174,0.084,0.084,0.087,0.086,0.087,0.085,0.084,0.085,0.084,0.084,0.089,0.085,0.084,0.084,0.083,0.085,0.083,0.084
,27:00:00,30,0.423,0.674,0.46,0.107,0.084,0.447,0.437,0.416,0.414,0.084,0.083,0.083,0.125,0.128,0.127,0.34,0.346,0.348,0.326,0.309,0.296,0.373,0.361,0.357,0.273,0.289,0.292,0.136,0.142,0.14,0.109,0.117,0.116,0.204,0.154,0.152,0.123,0.157,0.144,1.09,1.124,1.124,0.082,0.084,0.086,0.083,0.086,0.084,0.131,0.121,0.123,0.199,0.129,0.126,0.143,0.119,0.118,0.128,0.124,0.12,0.115,0.158,0.131,0.126,0.125,0.126,0.117,0.117,0.116,0.144,0.142,0.138,0.119,0.119,0.12,0.166,0.183,0.176,0.084,0.083,0.087,0.086,0.087,0.085,0.084,0.084,0.084,0.084,0.089,0.085,0.084,0.084,0.083,0.085,0.083,0.084
,27:30:00,30,0.425,0.675,0.461,0.107,0.084,0.446,0.436,0.415,0.414,0.084,0.083,0.083,0.125,0.127,0.127,0.339,0.345,0.351,0.328,0.309,0.293,0.373,0.361,0.357,0.276,0.289,0.294,0.136,0.142,0.14,0.11,0.117,0.116,0.204,0.154,0.151,0.123,0.157,0.144,1.097,1.127,1.131,0.083,0.084,0.086,0.083,0.086,0.084,0.131,0.12,0.123,0.199,0.129,0.126,0.153,0.12,0.119,0.127,0.125,0.12,0.115,0.15,0.132,0.126,0.125,0.126,0.117,0.117,0.116,0.143,0.142,0.141,0.117,0.119,0.12,0.167,0.186,0.178,0.084,0.084,0.087,0.086,0.087,0.085,0.084,0.085,0.084,0.084,0.089,0.085,0.084,0.084,0.083,0.085,0.084,0.085
,28:00:00,30,0.424,0.673,0.461,0.107,0.084,0.447,0.436,0.415,0.414,0.084,0.083,0.083,0.125,0.127,0.127,0.34,0.348,0.351,0.328,0.31,0.288,0.373,0.364,0.342,0.276,0.289,0.295,0.135,0.141,0.139,0.109,0.116,0.115,0.204,0.153,0.15,0.122,0.156,0.144,1.098,1.128,1.133,0.082,0.084,0.086,0.083,0.086,0.084,0.131,0.12,0.124,0.2,0.13,0.126,0.159,0.12,0.118,0.127,0.125,0.121,0.114,0.159,0.132,0.125,0.125,0.126,0.117,0.116,0.115,0.141,0.141,0.141,0.118,0.119,0.12,0.169,0.187,0.179,0.084,0.083,0.087,0.086,0.087,0.085,0.084,0.084,0.084,0.084,0.089,0.085,0.084,0.084,0.083,0.085,0.083,0.084
,28:30:00,30,0.426,0.674,0.462,0.107,0.084,0.446,0.438,0.416,0.414,0.084,0.083,0.083,0.125,0.126,0.127,0.344,0.349,0.351,0.326,0.306,0.287,0.377,0.366,0.354,0.275,0.288,0.295,0.134,0.141,0.138,0.109,0.115,0.115,0.205,0.152,0.15,0.122,0.155,0.144,1.097,1.133,1.138,0.082,0.084,0.086,0.083,0.086,0.084,0.13,0.12,0.123,0.201,0.13,0.127,0.156,0.121,0.118,0.127,0.125,0.122,0.115,0.161,0.132,0.125,0.125,0.126,0.116,0.116,0.115,0.141,0.144,0.14,0.117,0.12,0.121,0.17,0.189,0.181,0.084,0.083,0.087,0.086,0.087,0.085,0.084,0.085,0.084,0.084,0.089,0.085,0.084,0.084,0.083,0.085,0.083,0.084
,29:00:00,30,0.426,0.674,0.462,0.107,0.084,0.447,0.438,0.416,0.415,0.084,0.083,0.083,0.125,0.127,0.127,0.345,0.351,0.352,0.325,0.304,0.284,0.377,0.365,0.359,0.277,0.287,0.295,0.134,0.14,0.138,0.109,0.115,0.115,0.205,0.151,0.149,0.122,0.155,0.144,1.105,1.141,1.14,0.083,0.084,0.086,0.083,0.086,0.084,0.13,0.12,0.123,0.204,0.13,0.127,0.152,0.122,0.118,0.128,0.125,0.122,0.116,0.167,0.132,0.126,0.124,0.125,0.116,0.116,0.116,0.142,0.145,0.139,0.119,0.119,0.121,0.172,0.19,0.182,0.084,0.084,0.087,0.086,0.088,0.085,0.084,0.084,0.084,0.084,0.089,0.085,0.084,0.084,0.083,0.086,0.084,0.084
,29:30:00,30,0.424,0.674,0.46,0.107,0.084,0.447,0.438,0.417,0.415,0.084,0.083,0.083,0.125,0.127,0.127,0.347,0.354,0.348,0.325,0.299,0.282,0.379,0.366,0.35,0.281,0.286,0.295,0.133,0.14,0.137,0.108,0.115,0.114,0.205,0.15,0.149,0.121,0.154,0.144,1.098,1.147,1.146,0.082,0.084,0.086,0.083,0.086,0.084,0.13,0.12,0.123,0.206,0.13,0.128,0.179,0.122,0.119,0.127,0.126,0.122,0.115,0.167,0.132,0.125,0.124,0.125,0.115,0.116,0.115,0.144,0.147,0.14,0.116,0.119,0.121,0.173,0.192,0.184,0.084,0.084,0.087,0.086,0.088,0.085,0.084,0.084,0.084,0.084,0.089,0.085,0.084,0.084,0.083,0.086,0.083,0.084
,30:00:00,30,0.424,0.675,0.461,0.107,0.084,0.446,0.437,0.416,0.414,0.084,0.083,0.083,0.125,0.127,0.126,0.348,0.356,0.351,0.323,0.3,0.282,0.378,0.368,0.343,0.28,0.285,0.295,0.133,0.139,0.137,0.108,0.114,0.114,0.204,0.149,0.149,0.121,0.153,0.144,1.111,1.144,1.15,0.082,0.084,0.086,0.083,0.086,0.084,0.13,0.119,0.124,0.209,0.131,0.128,0.184,0.124,0.119,0.127,0.126,0.122,0.115,0.168,0.133,0.125,0.125,0.125,0.115,0.117,0.115,0.146,0.148,0.143,0.118,0.119,0.121,0.175,0.194,0.185,0.084,0.084,0.087,0.086,0.087,0.085,0.084,0.085,0.084,0.084,0.089,0.085,0.084,0.084,0.083,0.086,0.084,0.084
,30:30:00,30,0.425,0.674,0.46,0.107,0.084,0.446,0.438,0.416,0.414,0.084,0.083,0.083,0.125,0.126,0.126,0.347,0.356,0.354,0.319,0.3,0.279,0.38,0.367,0.341,0.28,0.284,0.296,0.132,0.139,0.136,0.108,0.113,0.114,0.204,0.148,0.148,0.121,0.152,0.145,1.113,1.147,1.148,0.082,0.084,0.086,0.083,0.086,0.084,0.13,0.119,0.124,0.212,0.131,0.128,0.192,0.124,0.119,0.129,0.125,0.122,0.115,0.179,0.133,0.125,0.125,0.125,0.116,0.117,0.115,0.15,0.148,0.146,0.116,0.119,0.121,0.176,0.195,0.187,0.084,0.083,0.087,0.086,0.087,0.085,0.084,0.085,0.084,0.084,0.089,0.085,0.084,0.084,0.083,0.086,0.083,0.084
,31:00:00,30,0.425,0.674,0.461,0.107,0.084,0.448,0.438,0.417,0.414,0.084,0.083,0.083,0.126,0.126,0.126,0.35,0.359,0.358,0.319,0.296,0.277,0.38,0.362,0.345,0.281,0.283,0.296,0.132,0.138,0.135,0.108,0.113,0.113,0.204,0.148,0.148,0.121,0.151,0.145,1.117,1.156,1.156,0.082,0.084,0.086,0.083,0.086,0.084,0.129,0.119,0.124,0.215,0.131,0.128,0.206,0.123,0.119,0.129,0.126,0.123,0.114,0.182,0.135,0.125,0.125,0.125,0.116,0.117,0.115,0.151,0.148,0.144,0.118,0.119,0.121,0.178,0.198,0.189,0.084,0.084,0.087,0.086,0.088,0.085,0.084,0.085,0.084,0.084,0.089,0.085,0.084,0.084,0.083,0.086,0.084,0.084
,31:30:00,30,0.423,0.675,0.461,0.107,0.084,0.447,0.437,0.417,0.414,0.084,0.083,0.083,0.125,0.126,0.126,0.349,0.362,0.357,0.319,0.294,0.276,0.38,0.368,0.353,0.281,0.282,0.296,0.131,0.137,0.134,0.107,0.113,0.113,0.203,0.147,0.147,0.121,0.15,0.145,1.121,1.16,1.157,0.082,0.084,0.086,0.083,0.086,0.084,0.129,0.119,0.125,0.218,0.132,0.128,0.227,0.122,0.118,0.129,0.126,0.124,0.115,0.187,0.137,0.124,0.124,0.125,0.116,0.117,0.115,0.152,0.147,0.143,0.118,0.119,0.122,0.179,0.199,0.19,0.084,0.083,0.087,0.086,0.087,0.085,0.084,0.085,0.084,0.084,0.089,0.085,0.084,0.084,0.083,0.085,0.083,0.084
,32:00:00,30,0.423,0.674,0.461,0.107,0.084,0.446,0.437,0.416,0.413,0.084,0.083,0.083,0.125,0.126,0.125,0.349,0.359,0.358,0.32,0.293,0.27,0.381,0.373,0.357,0.276,0.281,0.295,0.13,0.137,0.134,0.107,0.112,0.113,0.203,0.146,0.146,0.12,0.149,0.144,1.129,1.163,1.166,0.082,0.084,0.086,0.083,0.086,0.084,0.128,0.118,0.125,0.223,0.132,0.129,0.256,0.121,0.119,0.129,0.126,0.124,0.115,0.189,0.14,0.124,0.125,0.124,0.115,0.116,0.115,0.148,0.149,0.143,0.118,0.119,0.122,0.181,0.201,0.192,0.084,0.083,0.087,0.086,0.088,0.085,0.084,0.084,0.084,0.084,0.089,0.085,0.084,0.084,0.083,0.085,0.083,0.084
,32:30:00,30,0.424,0.674,0.461,0.107,0.084,0.446,0.439,0.418,0.414,0.084,0.083,0.083,0.125,0.126,0.125,0.349,0.359,0.36,0.321,0.293,0.27,0.382,0.374,0.347,0.282,0.28,0.296,0.13,0.136,0.133,0.107,0.112,0.113,0.202,0.146,0.146,0.12,0.148,0.145,1.135,1.164,1.17,0.083,0.084,0.086,0.083,0.086,0.084,0.128,0.118,0.125,0.226,0.132,0.128,0.234,0.121,0.119,0.129,0.127,0.124,0.116,0.193,0.145,0.124,0.125,0.125,0.116,0.117,0.115,0.148,0.151,0.145,0.116,0.12,0.122,0.183,0.203,0.193,0.084,0.084,0.087,0.086,0.087,0.085,0.084,0.085,0.084,0.084,0.09,0.085,0.084,0.084,0.083,0.086,0.084,0.084
,33:00:00,30,0.423,0.674,0.461,0.107,0.084,0.447,0.439,0.418,0.414,0.084,0.083,0.083,0.125,0.126,0.125,0.348,0.36,0.36,0.321,0.296,0.275,0.382,0.371,0.349,0.282,0.279,0.295,0.129,0.135,0.132,0.107,0.112,0.112,0.202,0.145,0.145,0.12,0.147,0.144,1.139,1.175,1.175,0.082,0.084,0.086,0.083,0.086,0.084,0.128,0.118,0.124,0.228,0.132,0.128,0.273,0.121,0.119,0.129,0.127,0.123,0.115,0.192,0.151,0.124,0.124,0.124,0.115,0.117,0.115,0.149,0.153,0.149,0.117,0.119,0.122,0.184,0.204,0.195,0.084,0.083,0.087,0.086,0.088,0.085,0.084,0.084,0.084,0.084,0.089,0.085,0.084,0.084,0.083,0.085,0.083,0.084
,33:30:00,30,0.424,0.675,0.462,0.107,0.084,0.447,0.439,0.419,0.414,0.084,0.083,0.083,0.125,0.125,0.125,0.351,0.363,0.362,0.323,0.294,0.28,0.382,0.373,0.355,0.281,0.278,0.295,0.129,0.135,0.132,0.107,0.112,0.112,0.201,0.145,0.145,0.12,0.146,0.145,1.142,1.178,1.182,0.083,0.084,0.086,0.083,0.086,0.085,0.128,0.118,0.123,0.232,0.133,0.129,0.303,0.122,0.119,0.129,0.126,0.124,0.115,0.193,0.155,0.124,0.124,0.124,0.116,0.117,0.115,0.151,0.154,0.151,0.117,0.12,0.122,0.186,0.206,0.196,0.084,0.084,0.087,0.086,0.088,0.085,0.084,0.085,0.084,0.084,0.09,0.085,0.085,0.084,0.083,0.086,0.084,0.084
,34:00:00,30,0.422,0.675,0.461,0.107,0.084,0.447,0.439,0.42,0.415,0.084,0.083,0.083,0.125,0.125,0.125,0.35,0.36,0.362,0.321,0.29,0.279,0.381,0.369,0.343,0.278,0.275,0.294,0.128,0.134,0.131,0.106,0.111,0.112,0.201,0.144,0.144,0.119,0.145,0.145,1.145,1.184,1.185,0.082,0.084,0.086,0.083,0.086,0.084,0.127,0.117,0.124,0.234,0.133,0.128,0.312,0.122,0.119,0.129,0.126,0.125,0.115,0.187,0.158,0.124,0.124,0.124,0.116,0.117,0.115,0.153,0.154,0.147,0.117,0.119,0.122,0.187,0.208,0.198,0.084,0.083,0.087,0.086,0.087,0.085,0.084,0.084,0.084,0.084,0.089,0.085,0.084,0.084,0.083,0.085,0.083,0.084
,34:30:00,30,0.423,0.675,0.462,0.107,0.084,0.448,0.439,0.418,0.413,0.084,0.083,0.083,0.125,0.125,0.125,0.348,0.361,0.361,0.32,0.29,0.281,0.383,0.371,0.342,0.28,0.273,0.293,0.127,0.133,0.131,0.106,0.111,0.111,0.2,0.143,0.144,0.119,0.144,0.146,1.149,1.188,1.188,0.082,0.084,0.086,0.083,0.086,0.084,0.127,0.118,0.125,0.237,0.133,0.128,0.316,0.123,0.118,0.13,0.127,0.125,0.115,0.192,0.166,0.124,0.124,0.124,0.117,0.117,0.115,0.158,0.154,0.148,0.118,0.12,0.122,0.189,0.209,0.2,0.084,0.084,0.087,0.086,0.087,0.085,0.084,0.085,0.084,0.084,0.089,0.085,0.084,0.084,0.083,0.085,0.084,0.084
,35:00:00,30,0.423,0.675,0.461,0.107,0.084,0.447,0.439,0.417,0.414,0.084,0.083,0.083,0.125,0.125,0.125,0.349,0.361,0.358,0.319,0.286,0.285,0.382,0.369,0.337,0.281,0.271,0.292,0.127,0.133,0.13,0.106,0.111,0.111,0.199,0.143,0.142,0.119,0.143,0.146,1.153,1.196,1.192,0.082,0.084,0.086,0.083,0.086,0.084,0.127,0.118,0.125,0.239,0.134,0.129,0.323,0.124,0.118,0.13,0.127,0.125,0.115,0.192,0.152,0.123,0.124,0.124,0.117,0.117,0.115,0.16,0.154,0.148,0.116,0.12,0.123,0.19,0.211,0.201,0.084,0.084,0.087,0.086,0.088,0.085,0.084,0.085,0.084,0.084,0.089,0.085,0.084,0.084,0.083,0.085,0.083,0.084
,35:30:00,30,0.423,0.676,0.463,0.108,0.084,0.447,0.441,0.42,0.415,0.084,0.083,0.083,0.126,0.126,0.124,0.348,0.361,0.358,0.316,0.285,0.289,0.384,0.375,0.34,0.278,0.27,0.292,0.126,0.132,0.129,0.106,0.11,0.111,0.198,0.142,0.143,0.119,0.142,0.146,1.159,1.195,1.2,0.082,0.084,0.086,0.083,0.086,0.084,0.127,0.118,0.125,0.242,0.134,0.129,0.329,0.124,0.119,0.13,0.127,0.124,0.115,0.193,0.162,0.123,0.124,0.124,0.117,0.116,0.115,0.16,0.155,0.15,0.118,0.12,0.122,0.192,0.213,0.202,0.084,0.083,0.087,0.086,0.088,0.085,0.084,0.084,0.084,0.084,0.089,0.085,0.084,0.084,0.083,0.085,0.083,0.084
,36:00:00,30,0.421,0.674,0.462,0.107,0.084,0.447,0.44,0.418,0.413,0.084,0.083,0.083,0.126,0.126,0.124,0.347,0.36,0.356,0.313,0.283,0.29,0.379,0.368,0.344,0.281,0.269,0.291,0.126,0.131,0.128,0.105,0.11,0.111,0.197,0.142,0.142,0.118,0.141,0.146,1.156,1.201,1.2,0.082,0.084,0.086,0.083,0.086,0.084,0.127,0.118,0.125,0.244,0.134,0.13,0.33,0.124,0.119,0.13,0.128,0.125,0.115,0.194,0.164,0.123,0.123,0.124,0.117,0.116,0.115,0.156,0.157,0.154,0.118,0.12,0.123,0.193,0.215,0.204,0.084,0.083,0.087,0.086,0.088,0.085,0.084,0.084,0.084,0.084,0.089,0.085,0.084,0.084,0.083,0.085,0.083,0.084
,36:30:00,30,0.422,0.675,0.463,0.107,0.083,0.448,0.441,0.421,0.414,0.084,0.083,0.083,0.125,0.125,0.124,0.346,0.36,0.357,0.31,0.283,0.289,0.379,0.374,0.345,0.282,0.268,0.29,0.125,0.13,0.128,0.105,0.11,0.11,0.196,0.141,0.141,0.118,0.139,0.147,1.161,1.207,1.206,0.082,0.084,0.086,0.083,0.086,0.084,0.127,0.117,0.125,0.246,0.134,0.13,0.33,0.124,0.119,0.13,0.127,0.126,0.115,0.195,0.164,0.123,0.123,0.124,0.116,0.116,0.115,0.155,0.159,0.154,0.118,0.12,0.123,0.194,0.216,0.205,0.084,0.083,0.087,0.086,0.087,0.085,0.084,0.084,0.084,0.084,0.089,0.085,0.084,0.084,0.083,0.085,0.083,0.084
,37:00:00,30,0.423,0.677,0.463,0.108,0.084,0.449,0.442,0.421,0.414,0.084,0.083,0.083,0.125,0.125,0.124,0.346,0.359,0.357,0.309,0.285,0.291,0.377,0.369,0.339,0.281,0.268,0.288,0.125,0.13,0.127,0.105,0.11,0.11,0.195,0.141,0.141,0.118,0.138,0.146,1.168,1.208,1.204,0.082,0.084,0.086,0.083,0.086,0.084,0.127,0.117,0.125,0.248,0.134,0.131,0.331,0.123,0.119,0.13,0.127,0.126,0.115,0.196,0.169,0.123,0.123,0.124,0.116,0.116,0.114,0.157,0.16,0.153,0.117,0.12,0.123,0.196,0.218,0.207,0.084,0.084,0.087,0.086,0.088,0.085,0.084,0.085,0.084,0.084,0.089,0.085,0.084,0.084,0.083,0.086,0.083,0.084
,37:30:00,30,0.42,0.677,0.463,0.108,0.084,0.449,0.441,0.42,0.415,0.084,0.083,0.083,0.124,0.125,0.125,0.344,0.359,0.356,0.308,0.283,0.294,0.383,0.376,0.345,0.277,0.267,0.287,0.124,0.129,0.127,0.105,0.109,0.11,0.194,0.14,0.141,0.118,0.137,0.146,1.169,1.213,1.213,0.082,0.084,0.086,0.083,0.086,0.084,0.127,0.117,0.125,0.25,0.134,0.131,0.331,0.121,0.119,0.13,0.128,0.126,0.115,0.197,0.175,0.123,0.123,0.123,0.116,0.116,0.114,0.158,0.161,0.153,0.116,0.12,0.122,0.197,0.22,0.209,0.084,0.083,0.087,0.086,0.088,0.085,0.084,0.084,0.084,0.084,0.089,0.085,0.084,0.084,0.083,0.086,0.083,0.084
,38:00:00,30,0.423,0.677,0.463,0.108,0.084,0.448,0.441,0.419,0.414,0.084,0.083,0.083,0.124,0.125,0.125,0.344,0.356,0.354,0.309,0.281,0.297,0.386,0.373,0.343,0.278,0.267,0.285,0.124,0.128,0.126,0.104,0.109,0.11,0.193,0.14,0.14,0.118,0.136,0.145,1.169,1.212,1.216,0.083,0.084,0.086,0.083,0.086,0.084,0.127,0.117,0.125,0.252,0.135,0.132,0.332,0.12,0.12,0.13,0.128,0.125,0.115,0.198,0.176,0.123,0.123,0.123,0.115,0.116,0.114,0.16,0.161,0.152,0.117,0.12,0.123,0.199,0.221,0.21,0.084,0.084,0.087,0.086,0.088,0.085,0.084,0.084,0.084,0.084,0.09,0.085,0.084,0.084,0.083,0.086,0.084,0.085
,38:30:00,30,0.421,0.675,0.463,0.108,0.084,0.447,0.442,0.42,0.414,0.084,0.083,0.083,0.124,0.125,0.124,0.344,0.355,0.354,0.308,0.279,0.299,0.385,0.374,0.339,0.28,0.266,0.283,0.123,0.128,0.126,0.104,0.109,0.11,0.192,0.139,0.14,0.118,0.135,0.145,1.178,1.213,1.217,0.082,0.084,0.086,0.083,0.086,0.084,0.127,0.116,0.125,0.254,0.135,0.132,0.331,0.121,0.12,0.13,0.128,0.125,0.115,0.198,0.172,0.122,0.122,0.122,0.115,0.116,0.114,0.163,0.16,0.154,0.117,0.12,0.123,0.2,0.223,0.212,0.084,0.084,0.087,0.086,0.088,0.085,0.084,0.085,0.084,0.084,0.089,0.085,0.084,0.084,0.083,0.086,0.083,0.084
,39:00:00,30,0.422,0.676,0.463,0.108,0.084,0.449,0.442,0.421,0.415,0.084,0.083,0.083,0.123,0.125,0.125,0.344,0.353,0.354,0.306,0.275,0.3,0.387,0.378,0.345,0.277,0.265,0.281,0.123,0.127,0.125,0.104,0.109,0.11,0.191,0.139,0.139,0.117,0.134,0.145,1.173,1.22,1.219,0.082,0.084,0.086,0.083,0.086,0.084,0.127,0.116,0.125,0.255,0.135,0.133,0.331,0.121,0.119,0.131,0.128,0.126,0.115,0.196,0.19,0.122,0.122,0.122,0.115,0.116,0.114,0.169,0.161,0.158,0.119,0.12,0.122,0.202,0.225,0.213,0.084,0.083,0.087,0.086,0.088,0.085,0.084,0.085,0.084,0.084,0.09,0.085,0.084,0.084,0.083,0.086,0.083,0.084
,39:30:00,30,0.421,0.676,0.463,0.108,0.084,0.447,0.442,0.421,0.415,0.084,0.083,0.083,0.124,0.124,0.124,0.341,0.354,0.355,0.304,0.273,0.3,0.383,0.377,0.341,0.279,0.264,0.28,0.122,0.126,0.124,0.104,0.109,0.109,0.19,0.139,0.139,0.117,0.133,0.145,1.176,1.224,1.218,0.082,0.084,0.086,0.083,0.086,0.084,0.126,0.116,0.124,0.257,0.135,0.133,0.332,0.122,0.118,0.13,0.128,0.127,0.115,0.201,0.194,0.122,0.121,0.121,0.115,0.116,0.114,0.171,0.163,0.16,0.117,0.12,0.123,0.203,0.226,0.215,0.084,0.084,0.087,0.086,0.088,0.085,0.084,0.084,0.084,0.084,0.09,0.085,0.084,0.084,0.083,0.085,0.084,0.084
,40:00:00,29.9,0.42,0.677,0.463,0.108,0.084,0.447,0.442,0.421,0.415,0.084,0.083,0.083,0.124,0.124,0.124,0.34,0.354,0.356,0.307,0.271,0.296,0.388,0.378,0.346,0.281,0.264,0.278,0.122,0.126,0.124,0.104,0.108,0.109,0.189,0.138,0.139,0.117,0.132,0.145,1.17,1.224,1.218,0.083,0.084,0.086,0.083,0.086,0.084,0.126,0.116,0.125,0.258,0.135,0.133,0.331,0.122,0.12,0.131,0.127,0.127,0.115,0.2,0.198,0.122,0.121,0.121,0.115,0.116,0.115,0.166,0.165,0.158,0.12,0.12,0.123,0.205,0.228,0.216,0.084,0.084,0.087,0.086,0.088,0.085,0.084,0.085,0.084,0.084,0.09,0.085,0.084,0.084,0.083,0.086,0.083,0.084
,40:30:00,30,0.421,0.676,0.463,0.108,0.084,0.449,0.443,0.422,0.415,0.084,0.084,0.083,0.125,0.124,0.123,0.339,0.354,0.355,0.31,0.271,0.295,0.388,0.377,0.335,0.279,0.263,0.277,0.121,0.125,0.123,0.103,0.108,0.109,0.188,0.138,0.139,0.117,0.131,0.145,1.172,1.222,1.218,0.082,0.084,0.086,0.083,0.086,0.084,0.126,0.116,0.124,0.26,0.135,0.134,0.331,0.123,0.12,0.131,0.128,0.126,0.115,0.196,0.197,0.122,0.121,0.121,0.115,0.116,0.115,0.163,0.167,0.157,0.117,0.121,0.123,0.206,0.229,0.218,0.084,0.084,0.087,0.086,0.088,0.085,0.084,0.085,0.084,0.084,0.09,0.085,0.084,0.084,0.083,0.085,0.083,0.084
,41:00:00,30,0.42,0.676,0.464,0.108,0.084,0.448,0.443,0.421,0.415,0.084,0.083,0.083,0.125,0.124,0.123,0.339,0.353,0.355,0.309,0.275,0.295,0.39,0.378,0.332,0.281,0.263,0.277,0.121,0.124,0.123,0.103,0.108,0.109,0.187,0.137,0.138,0.117,0.13,0.145,1.171,1.222,1.217,0.083,0.084,0.086,0.083,0.086,0.084,0.126,0.116,0.124,0.261,0.136,0.134,0.331,0.124,0.12,0.132,0.128,0.126,0.116,0.2,0.195,0.122,0.121,0.121,0.115,0.116,0.115,0.165,0.168,0.156,0.119,0.121,0.124,0.208,0.231,0.219,0.084,0.084,0.087,0.086,0.088,0.085,0.084,0.085,0.084,0.084,0.09,0.085,0.084,0.084,0.083,0.086,0.084,0.084
,41:30:00,30,0.419,0.676,0.463,0.108,0.084,0.447,0.442,0.421,0.414,0.084,0.083,0.083,0.125,0.124,0.123,0.337,0.352,0.354,0.307,0.277,0.296,0.388,0.373,0.331,0.283,0.263,0.276,0.12,0.124,0.122,0.103,0.108,0.109,0.185,0.137,0.137,0.116,0.129,0.146,1.167,1.223,1.218,0.082,0.084,0.086,0.083,0.086,0.084,0.125,0.116,0.124,0.262,0.136,0.135,0.33,0.124,0.119,0.131,0.128,0.127,0.116,0.203,0.189,0.122,0.12,0.12,0.115,0.117,0.115,0.166,0.168,0.158,0.119,0.121,0.125,0.209,0.233,0.221,0.084,0.084,0.087,0.086,0.087,0.085,0.084,0.084,0.084,0.084,0.09,0.085,0.084,0.084,0.083,0.086,0.083,0.084
,42:00:00,30,0.421,0.676,0.464,0.108,0.084,0.449,0.443,0.423,0.415,0.084,0.083,0.083,0.124,0.124,0.123,0.336,0.352,0.352,0.308,0.278,0.296,0.389,0.371,0.331,0.282,0.263,0.276,0.12,0.123,0.122,0.103,0.107,0.108,0.184,0.136,0.137,0.116,0.128,0.145,1.17,1.221,1.222,0.082,0.084,0.086,0.083,0.086,0.084,0.125,0.116,0.124,0.263,0.136,0.134,0.331,0.124,0.119,0.13,0.129,0.127,0.116,0.204,0.187,0.122,0.119,0.121,0.115,0.116,0.114,0.167,0.168,0.162,0.117,0.121,0.124,0.211,0.234,0.222,0.084,0.083,0.087,0.086,0.088,0.085,0.084,0.084,0.084,0.084,0.089,0.085,0.084,0.084,0.083,0.086,0.084,0.084
,42:30:00,30,0.422,0.677,0.464,0.108,0.084,0.449,0.443,0.422,0.414,0.084,0.083,0.083,0.123,0.124,0.123,0.336,0.35,0.352,0.307,0.279,0.291,0.39,0.376,0.339,0.285,0.263,0.276,0.119,0.123,0.121,0.103,0.107,0.108,0.183,0.136,0.136,0.116,0.128,0.145,1.166,1.222,1.219,0.083,0.084,0.086,0.083,0.086,0.084,0.125,0.117,0.124,0.264,0.136,0.134,0.33,0.123,0.12,0.131,0.129,0.127,0.116,0.204,0.191,0.123,0.119,0.121,0.115,0.116,0.114,0.169,0.168,0.166,0.117,0.121,0.125,0.212,0.236,0.224,0.084,0.084,0.087,0.086,0.088,0.085,0.084,0.085,0.084,0.084,0.09,0.085,0.084,0.084,0.083,0.086,0.084,0.084
,43:00:00,30,0.422,0.677,0.464,0.109,0.084,0.448,0.442,0.422,0.414,0.084,0.083,0.083,0.122,0.124,0.123,0.335,0.348,0.353,0.308,0.28,0.289,0.39,0.377,0.339,0.281,0.263,0.276,0.119,0.122,0.121,0.103,0.107,0.108,0.182,0.135,0.136,0.116,0.127,0.144,1.169,1.225,1.217,0.082,0.084,0.086,0.083,0.086,0.084,0.124,0.116,0.123,0.265,0.136,0.135,0.33,0.122,0.119,0.131,0.128,0.127,0.116,0.201,0.192,0.123,0.118,0.121,0.115,0.116,0.114,0.174,0.169,0.163,0.116,0.121,0.125,0.214,0.238,0.225,0.084,0.084,0.087,0.086,0.088,0.085,0.084,0.085,0.084,0.084,0.09,0.085,0.084,0.084,0.083,0.085,0.084,0.084
,43:30:00,30,0.421,0.676,0.464,0.109,0.084,0.45,0.445,0.425,0.415,0.084,0.083,0.083,0.124,0.124,0.123,0.334,0.346,0.352,0.308,0.28,0.289,0.393,0.37,0.336,0.283,0.263,0.276,0.118,0.121,0.12,0.102,0.107,0.108,0.181,0.135,0.136,0.116,0.126,0.144,1.173,1.221,1.226,0.082,0.084,0.086,0.083,0.086,0.084,0.124,0.116,0.123,0.265,0.136,0.135,0.33,0.121,0.12,0.131,0.128,0.127,0.116,0.202,0.193,0.123,0.118,0.122,0.115,0.116,0.114,0.179,0.17,0.162,0.117,0.12,0.125,0.215,0.239,0.226,0.084,0.084,0.087,0.086,0.088,0.085,0.084,0.084,0.084,0.084,0.09,0.085,0.084,0.084,0.083,0.086,0.083,0.084
,44:00:00,30,0.421,0.677,0.464,0.109,0.084,0.449,0.444,0.425,0.416,0.084,0.083,0.083,0.124,0.123,0.123,0.333,0.346,0.351,0.307,0.279,0.289,0.393,0.376,0.337,0.285,0.262,0.275,0.118,0.121,0.12,0.102,0.106,0.107,0.179,0.134,0.135,0.115,0.125,0.144,1.177,1.223,1.228,0.082,0.084,0.086,0.083,0.086,0.084,0.123,0.116,0.122,0.265,0.136,0.135,0.329,0.121,0.12,0.131,0.128,0.127,0.116,0.203,0.192,0.122,0.118,0.122,0.115,0.116,0.114,0.18,0.172,0.161,0.117,0.121,0.125,0.217,0.241,0.228,0.084,0.083,0.087,0.086,0.087,0.085,0.084,0.084,0.084,0.084,0.09,0.085,0.084,0.084,0.083,0.085,0.084,0.084
,44:30:00,30,0.419,0.677,0.465,0.108,0.084,0.449,0.444,0.425,0.415,0.084,0.083,0.083,0.125,0.123,0.123,0.332,0.346,0.351,0.307,0.277,0.291,0.39,0.376,0.333,0.286,0.261,0.275,0.118,0.12,0.119,0.102,0.106,0.107,0.178,0.134,0.134,0.115,0.125,0.143,1.182,1.228,1.234,0.082,0.084,0.086,0.083,0.086,0.084,0.123,0.116,0.122,0.264,0.137,0.134,0.329,0.12,0.119,0.131,0.128,0.127,0.116,0.203,0.193,0.122,0.117,0.121,0.115,0.116,0.114,0.176,0.172,0.162,0.117,0.121,0.125,0.218,0.242,0.229,0.083,0.083,0.087,0.085,0.087,0.085,0.084,0.084,0.084,0.084,0.089,0.085,0.084,0.084,0.083,0.085,0.083,0.084
,45:00:00,30,0.42,0.679,0.464,0.109,0.084,0.449,0.445,0.423,0.415,0.084,0.083,0.083,0.125,0.123,0.123,0.33,0.345,0.351,0.307,0.278,0.292,0.389,0.377,0.336,0.285,0.261,0.274,0.117,0.12,0.119,0.102,0.106,0.107,0.177,0.134,0.134,0.115,0.124,0.144,1.186,1.232,1.236,0.082,0.084,0.086,0.083,0.086,0.084,0.123,0.116,0.121,0.264,0.137,0.134,0.329,0.121,0.12,0.132,0.129,0.127,0.117,0.204,0.196,0.122,0.117,0.121,0.115,0.116,0.114,0.172,0.173,0.164,0.117,0.121,0.125,0.22,0.244,0.231,0.084,0.084,0.087,0.086,0.087,0.085,0.084,0.084,0.084,0.084,0.09,0.085,0.084,0.084,0.083,0.085,0.083,0.084
,45:30:00,30,0.421,0.677,0.465,0.109,0.084,0.451,0.447,0.427,0.415,0.084,0.083,0.083,0.124,0.122,0.123,0.33,0.343,0.35,0.303,0.275,0.292,0.388,0.375,0.336,0.288,0.26,0.272,0.117,0.119,0.118,0.101,0.106,0.107,0.175,0.133,0.134,0.115,0.123,0.143,1.19,1.239,1.241,0.082,0.084,0.086,0.083,0.086,0.084,0.123,0.116,0.121,0.265,0.137,0.133,0.329,0.121,0.12,0.132,0.13,0.128,0.116,0.205,0.198,0.121,0.117,0.12,0.116,0.115,0.114,0.171,0.172,0.168,0.116,0.121,0.125,0.221,0.246,0.232,0.083,0.083,0.087,0.086,0.087,0.085,0.084,0.084,0.084,0.084,0.09,0.085,0.084,0.084,0.083,0.085,0.083,0.084
,46:00:00,30,0.419,0.679,0.465,0.109,0.083,0.45,0.445,0.424,0.415,0.084,0.083,0.083,0.125,0.123,0.122,0.329,0.344,0.35,0.303,0.276,0.292,0.392,0.378,0.333,0.287,0.261,0.271,0.117,0.119,0.118,0.101,0.106,0.107,0.174,0.133,0.133,0.114,0.123,0.143,1.195,1.241,1.247,0.082,0.084,0.086,0.083,0.086,0.084,0.122,0.116,0.122,0.266,0.137,0.134,0.329,0.122,0.12,0.132,0.129,0.127,0.116,0.206,0.2,0.121,0.117,0.12,0.116,0.115,0.114,0.171,0.172,0.17,0.118,0.121,0.125,0.223,0.247,0.234,0.084,0.083,0.087,0.086,0.087,0.085,0.084,0.084,0.084,0.084,0.09,0.085,0.084,0.084,0.083,0.085,0.083,0.084
,46:30:00,30,0.421,0.678,0.466,0.109,0.084,0.45,0.446,0.427,0.415,0.084,0.083,0.083,0.125,0.123,0.122,0.327,0.343,0.35,0.302,0.276,0.291,0.391,0.382,0.336,0.286,0.26,0.27,0.116,0.118,0.118,0.101,0.105,0.107,0.173,0.132,0.133,0.114,0.122,0.143,1.202,1.244,1.252,0.082,0.084,0.086,0.083,0.086,0.084,0.123,0.117,0.122,0.267,0.137,0.134,0.328,0.122,0.12,0.131,0.129,0.128,0.116,0.207,0.202,0.121,0.117,0.12,0.116,0.116,0.114,0.171,0.171,0.168,0.115,0.121,0.125,0.224,0.249,0.235,0.084,0.084,0.087,0.086,0.087,0.085,0.084,0.085,0.084,0.084,0.09,0.085,0.084,0.084,0.083,0.086,0.084,0.084
,47:00:00,29.9,0.418,0.68,0.464,0.109,0.084,0.448,0.445,0.424,0.413,0.084,0.083,0.083,0.126,0.122,0.122,0.327,0.342,0.351,0.301,0.276,0.288,0.39,0.376,0.337,0.288,0.26,0.269,0.116,0.118,0.117,0.101,0.105,0.106,0.172,0.132,0.133,0.114,0.122,0.143,1.207,1.249,1.258,0.082,0.084,0.086,0.083,0.086,0.084,0.123,0.117,0.122,0.267,0.137,0.134,0.328,0.124,0.12,0.132,0.129,0.128,0.116,0.207,0.203,0.121,0.117,0.119,0.115,0.116,0.114,0.173,0.171,0.166,0.117,0.12,0.125,0.226,0.25,0.237,0.084,0.083,0.087,0.086,0.088,0.085,0.084,0.084,0.084,0.084,0.09,0.085,0.084,0.084,0.083,0.085,0.083,0.084
,47:30:00,30,0.418,0.678,0.465,0.108,0.084,0.448,0.445,0.424,0.414,0.084,0.083,0.082,0.126,0.122,0.122,0.326,0.341,0.351,0.301,0.274,0.286,0.39,0.374,0.33,0.295,0.263,0.268,0.115,0.117,0.117,0.101,0.105,0.106,0.17,0.131,0.132,0.114,0.121,0.142,1.21,1.256,1.262,0.082,0.084,0.086,0.083,0.086,0.084,0.122,0.117,0.122,0.267,0.137,0.135,0.328,0.125,0.12,0.131,0.129,0.128,0.116,0.208,0.201,0.121,0.117,0.119,0.114,0.116,0.114,0.174,0.171,0.164,0.117,0.12,0.124,0.227,0.252,0.238,0.084,0.083,0.087,0.086,0.087,0.085,0.083,0.084,0.084,0.084,0.089,0.085,0.084,0.084,0.083,0.085,0.083,0.084
,48:00:00,30,0.419,0.678,0.465,0.109,0.084,0.45,0.447,0.426,0.416,0.084,0.083,0.083,0.125,0.122,0.122,0.325,0.34,0.35,0.301,0.273,0.284,0.393,0.374,0.332,0.294,0.263,0.267,0.115,0.117,0.116,0.101,0.105,0.106,0.169,0.131,0.132,0.114,0.121,0.142,1.216,1.261,1.267,0.082,0.084,0.086,0.083,0.086,0.084,0.122,0.117,0.122,0.267,0.137,0.136,0.328,0.124,0.12,0.131,0.129,0.128,0.115,0.209,0.202,0.121,0.116,0.119,0.114,0.116,0.114,0.176,0.171,0.164,0.118,0.121,0.124,0.229,0.253,0.239,0.083,0.083,0.087,0.086,0.087,0.085,0.084,0.084,0.084,0.084,0.09,0.085,0.084,0.084,0.083,0.086,0.083,0.084
,48:30:00,30,0.419,0.678,0.465,0.109,0.084,0.447,0.445,0.424,0.414,0.084,0.083,0.083,0.124,0.122,0.122,0.323,0.339,0.349,0.3,0.272,0.285,0.391,0.372,0.333,0.298,0.262,0.267,0.115,0.116,0.116,0.101,0.105,0.106,0.168,0.131,0.131,0.114,0.12,0.142,1.223,1.267,1.272,0.082,0.084,0.086,0.083,0.086,0.084,0.122,0.117,0.122,0.266,0.137,0.136,0.328,0.123,0.119,0.131,0.13,0.128,0.116,0.209,0.203,0.121,0.116,0.118,0.114,0.116,0.114,0.178,0.171,0.165,0.119,0.12,0.125,0.23,0.255,0.241,0.084,0.083,0.087,0.086,0.088,0.085,0.084,0.084,0.084,0.084,0.09,0.085,0.084,0.084,0.083,0.085,0.083,0.084
,49:00:00,30,0.419,0.678,0.465,0.109,0.084,0.449,0.447,0.426,0.416,0.084,0.083,0.083,0.125,0.122,0.121,0.323,0.339,0.348,0.298,0.271,0.285,0.391,0.372,0.338,0.292,0.262,0.267,0.115,0.116,0.116,0.1,0.105,0.106,0.167,0.13,0.131,0.114,0.12,0.142,1.227,1.269,1.275,0.082,0.084,0.086,0.083,0.086,0.084,0.122,0.117,0.122,0.265,0.137,0.137,0.327,0.123,0.119,0.132,0.131,0.128,0.115,0.21,0.203,0.121,0.116,0.119,0.114,0.116,0.114,0.18,0.171,0.167,0.115,0.12,0.125,0.232,0.257,0.243,0.084,0.084,0.087,0.086,0.088,0.085,0.084,0.085,0.084,0.084,0.09,0.085,0.084,0.084,0.083,0.085,0.083,0.084
,49:30:00,30,0.42,0.678,0.466,0.109,0.084,0.45,0.447,0.427,0.416,0.084,0.083,0.083,0.127,0.122,0.122,0.322,0.337,0.348,0.297,0.266,0.287,0.393,0.374,0.336,0.296,0.262,0.266,0.114,0.116,0.116,0.1,0.104,0.106,0.166,0.13,0.13,0.113,0.119,0.142,1.228,1.276,1.281,0.082,0.084,0.086,0.083,0.086,0.084,0.122,0.117,0.122,0.264,0.137,0.137,0.327,0.122,0.12,0.133,0.13,0.128,0.116,0.21,0.204,0.121,0.116,0.118,0.114,0.115,0.114,0.178,0.171,0.169,0.115,0.12,0.125,0.233,0.258,0.244,0.083,0.083,0.087,0.086,0.087,0.085,0.084,0.084,0.084,0.084,0.09,0.085,0.084,0.084,0.083,0.085,0.083,0.084
,50:00:00,30,0.418,0.677,0.465,0.109,0.084,0.45,0.447,0.427,0.416,0.084,0.083,0.083,0.127,0.122,0.122,0.322,0.337,0.348,0.296,0.267,0.286,0.393,0.377,0.336,0.3,0.261,0.266,0.114,0.115,0.115,0.1,0.104,0.105,0.165,0.13,0.13,0.113,0.119,0.142,1.236,1.281,1.285,0.082,0.084,0.086,0.083,0.086,0.084,0.122,0.118,0.123,0.263,0.138,0.137,0.326,0.12,0.12,0.134,0.13,0.128,0.116,0.21,0.205,0.121,0.116,0.118,0.114,0.115,0.114,0.174,0.171,0.169,0.115,0.12,0.125,0.235,0.26,0.245,0.084,0.084,0.087,0.086,0.087,0.085,0.084,0.084,0.084,0.084,0.09,0.085,0.084,0.084,0.083,0.086,0.083,0.084
,50:30:00,30,0.419,0.679,0.466,0.109,0.084,0.449,0.448,0.428,0.416,0.084,0.083,0.083,0.126,0.121,0.121,0.321,0.336,0.348,0.297,0.267,0.282,0.393,0.38,0.335,0.301,0.258,0.267,0.114,0.115,0.115,0.1,0.104,0.105,0.164,0.129,0.129,0.113,0.118,0.142,1.239,1.285,1.291,0.082,0.084,0.086,0.083,0.086,0.084,0.122,0.118,0.123,0.263,0.138,0.137,0.327,0.121,0.12,0.133,0.129,0.129,0.116,0.211,0.209,0.121,0.115,0.118,0.114,0.115,0.114,0.17,0.171,0.166,0.116,0.121,0.124,0.236,0.261,0.247,0.084,0.083,0.087,0.086,0.088,0.085,0.084,0.084,0.084,0.084,0.09,0.085,0.084,0.084,0.083,0.085,0.084,0.084
,51:00:00,30,0.418,0.678,0.466,0.109,0.084,0.45,0.446,0.425,0.415,0.084,0.083,0.083,0.126,0.121,0.121,0.321,0.335,0.348,0.297,0.265,0.281,0.393,0.376,0.334,0.3,0.259,0.266,0.113,0.115,0.115,0.1,0.104,0.105,0.163,0.13,0.129,0.113,0.118,0.141,1.246,1.29,1.296,0.082,0.084,0.086,0.083,0.086,0.084,0.122,0.117,0.123,0.262,0.139,0.137,0.326,0.12,0.12,0.132,0.129,0.129,0.116,0.212,0.21,0.121,0.115,0.118,0.114,0.115,0.114,0.168,0.17,0.165,0.115,0.119,0.124,0.238,0.263,0.248,0.084,0.083,0.087,0.086,0.088,0.085,0.084,0.084,0.084,0.084,0.09,0.085,0.084,0.084,0.083,0.085,0.083,0.084
,51:30:00,30,0.417,0.68,0.465,0.109,0.084,0.449,0.447,0.425,0.415,0.084,0.083,0.083,0.127,0.121,0.121,0.32,0.335,0.347,0.294,0.264,0.28,0.392,0.379,0.332,0.299,0.26,0.266,0.113,0.114,0.115,0.1,0.104,0.105,0.162,0.129,0.129,0.113,0.118,0.141,1.25,1.296,1.299,0.083,0.084,0.086,0.083,0.086,0.084,0.122,0.117,0.123,0.262,0.139,0.137,0.326,0.121,0.12,0.132,0.13,0.129,0.116,0.213,0.209,0.12,0.115,0.118,0.115,0.115,0.114,0.168,0.17,0.164,0.115,0.119,0.125,0.239,0.265,0.25,0.084,0.084,0.087,0.086,0.088,0.085,0.084,0.085,0.084,0.084,0.09,0.085,0.084,0.084,0.083,0.086,0.084,0.084
,52:00:00,30,0.419,0.678,0.464,0.109,0.084,0.449,0.446,0.426,0.414,0.084,0.083,0.083,0.128,0.121,0.121,0.319,0.333,0.346,0.296,0.264,0.281,0.392,0.38,0.331,0.295,0.265,0.266,0.113,0.114,0.114,0.099,0.104,0.105,0.161,0.129,0.129,0.113,0.117,0.141,1.254,1.301,1.304,0.083,0.084,0.086,0.083,0.086,0.084,0.122,0.117,0.124,0.262,0.139,0.137,0.325,0.121,0.12,0.132,0.131,0.129,0.115,0.213,0.209,0.12,0.114,0.118,0.115,0.115,0.114,0.168,0.169,0.162,0.114,0.119,0.125,0.24,0.266,0.251,0.084,0.084,0.087,0.086,0.088,0.085,0.084,0.084,0.084,0.084,0.09,0.085,0.084,0.084,0.083,0.086,0.083,0.084
,52:30:00,30,0.417,0.677,0.465,0.109,0.083,0.449,0.447,0.426,0.416,0.084,0.083,0.083,0.128,0.121,0.121,0.318,0.332,0.347,0.298,0.26,0.281,0.389,0.38,0.328,0.296,0.268,0.265,0.113,0.113,0.114,0.099,0.103,0.105,0.161,0.129,0.128,0.112,0.117,0.141,1.258,1.303,1.307,0.082,0.084,0.086,0.083,0.086,0.084,0.122,0.117,0.124,0.262,0.139,0.137,0.325,0.121,0.12,0.132,0.131,0.129,0.115,0.212,0.21,0.12,0.114,0.118,0.115,0.115,0.114,0.167,0.169,0.162,0.115,0.119,0.125,0.242,0.267,0.253,0.084,0.083,0.087,0.086,0.088,0.085,0.084,0.084,0.084,0.084,0.09,0.085,0.084,0.084,0.083,0.085,0.083,0.084
,53:00:00,30,0.418,0.678,0.465,0.109,0.084,0.45,0.447,0.427,0.415,0.084,0.083,0.083,0.128,0.121,0.121,0.317,0.332,0.346,0.298,0.259,0.281,0.391,0.379,0.33,0.304,0.27,0.264,0.112,0.113,0.114,0.099,0.103,0.104,0.16,0.13,0.128,0.112,0.117,0.141,1.261,1.309,1.312,0.082,0.084,0.086,0.083,0.086,0.084,0.122,0.117,0.124,0.263,0.139,0.137,0.324,0.121,0.12,0.132,0.131,0.129,0.115,0.212,0.211,0.12,0.114,0.118,0.115,0.115,0.114,0.167,0.169,0.164,0.115,0.119,0.124,0.243,0.269,0.254,0.083,0.083,0.087,0.086,0.087,0.085,0.084,0.084,0.084,0.084,0.09,0.085,0.084,0.084,0.083,0.085,0.084,0.084
,53:30:00,30,0.418,0.679,0.466,0.109,0.084,0.449,0.447,0.427,0.415,0.084,0.084,0.083,0.128,0.12,0.121,0.316,0.332,0.345,0.296,0.261,0.28,0.393,0.379,0.328,0.302,0.271,0.264,0.112,0.113,0.113,0.099,0.103,0.104,0.159,0.129,0.127,0.112,0.116,0.141,1.264,1.312,1.315,0.082,0.084,0.086,0.083,0.086,0.084,0.122,0.117,0.124,0.264,0.14,0.137,0.325,0.122,0.12,0.132,0.13,0.129,0.115,0.212,0.212,0.12,0.114,0.118,0.115,0.116,0.115,0.167,0.169,0.165,0.114,0.119,0.125,0.245,0.27,0.256,0.084,0.084,0.087,0.086,0.088,0.085,0.084,0.084,0.084,0.084,0.09,0.085,0.084,0.084,0.083,0.085,0.083,0.084
,54:00:00,30,0.417,0.679,0.466,0.109,0.084,0.45,0.446,0.427,0.416,0.084,0.083,0.083,0.128,0.121,0.121,0.316,0.331,0.345,0.297,0.262,0.281,0.393,0.379,0.326,0.304,0.272,0.264,0.112,0.112,0.113,0.099,0.103,0.104,0.158,0.129,0.127,0.112,0.116,0.141,1.268,1.316,1.318,0.082,0.084,0.086,0.083,0.086,0.084,0.121,0.117,0.123,0.265,0.139,0.137,0.324,0.123,0.12,0.134,0.13,0.129,0.115,0.212,0.212,0.12,0.113,0.118,0.115,0.115,0.114,0.166,0.168,0.166,0.115,0.118,0.125,0.247,0.272,0.257,0.084,0.083,0.087,0.086,0.088,0.085,0.084,0.084,0.084,0.084,0.09,0.085,0.084,0.084,0.083,0.085,0.083,0.084
,54:30:00,30,0.418,0.678,0.465,0.11,0.084,0.449,0.447,0.428,0.416,0.084,0.083,0.083,0.128,0.12,0.121,0.315,0.33,0.345,0.296,0.262,0.28,0.394,0.382,0.325,0.3,0.272,0.264,0.112,0.112,0.113,0.099,0.103,0.104,0.157,0.129,0.126,0.112,0.115,0.141,1.271,1.319,1.321,0.082,0.084,0.086,0.083,0.086,0.084,0.121,0.116,0.124,0.267,0.139,0.137,0.324,0.124,0.119,0.134,0.13,0.13,0.115,0.212,0.213,0.12,0.113,0.118,0.116,0.115,0.114,0.166,0.167,0.166,0.115,0.118,0.125,0.248,0.273,0.259,0.084,0.083,0.087,0.086,0.087,0.085,0.083,0.084,0.084,0.084,0.09,0.085,0.084,0.084,0.083,0.085,0.083,0.084
,55:00:00,30,0.418,0.679,0.465,0.109,0.084,0.449,0.447,0.428,0.415,0.084,0.083,0.083,0.128,0.12,0.121,0.315,0.329,0.345,0.294,0.26,0.28,0.393,0.378,0.325,0.297,0.272,0.266,0.111,0.112,0.112,0.099,0.103,0.104,0.157,0.129,0.126,0.111,0.115,0.141,1.272,1.323,1.323,0.082,0.084,0.086,0.083,0.086,0.084,0.121,0.116,0.124,0.267,0.139,0.138,0.324,0.123,0.118,0.133,0.13,0.13,0.115,0.211,0.214,0.12,0.113,0.118,0.116,0.115,0.114,0.166,0.167,0.166,0.115,0.118,0.125,0.249,0.275,0.26,0.084,0.083,0.087,0.086,0.088,0.085,0.084,0.084,0.084,0.084,0.09,0.085,0.084,0.084,0.083,0.086,0.084,0.084
,55:30:00,30,0.417,0.679,0.465,0.109,0.084,0.45,0.447,0.428,0.415,0.084,0.083,0.083,0.129,0.12,0.121,0.313,0.328,0.344,0.293,0.257,0.278,0.393,0.379,0.324,0.291,0.273,0.266,0.111,0.111,0.112,0.099,0.102,0.103,0.156,0.128,0.126,0.111,0.115,0.141,1.275,1.325,1.326,0.082,0.084,0.086,0.083,0.086,0.084,0.121,0.116,0.124,0.266,0.139,0.138,0.323,0.122,0.12,0.133,0.131,0.129,0.115,0.213,0.215,0.12,0.113,0.118,0.116,0.115,0.114,0.166,0.167,0.165,0.115,0.118,0.125,0.251,0.276,0.262,0.084,0.083,0.087,0.086,0.088,0.085,0.084,0.084,0.084,0.084,0.09,0.085,0.084,0.084,0.083,0.085,0.083,0.084
,56:00:00,30,0.418,0.678,0.465,0.109,0.084,0.45,0.447,0.427,0.416,0.084,0.083,0.083,0.131,0.12,0.121,0.312,0.327,0.346,0.291,0.257,0.278,0.393,0.379,0.322,0.29,0.274,0.267,0.111,0.111,0.112,0.099,0.102,0.104,0.156,0.127,0.125,0.111,0.115,0.141,1.276,1.33,1.327,0.083,0.084,0.086,0.083,0.086,0.084,0.121,0.116,0.123,0.265,0.139,0.138,0.323,0.122,0.12,0.133,0.132,0.13,0.115,0.213,0.215,0.12,0.114,0.118,0.115,0.115,0.114,0.165,0.166,0.165,0.116,0.118,0.125,0.253,0.278,0.263,0.084,0.084,0.087,0.086,0.088,0.085,0.084,0.085,0.084,0.084,0.09,0.085,0.084,0.084,0.083,0.086,0.084,0.084
,56:30:00,30,0.418,0.677,0.465,0.109,0.084,0.45,0.448,0.429,0.415,0.084,0.083,0.083,0.131,0.12,0.121,0.312,0.327,0.345,0.287,0.258,0.277,0.392,0.38,0.32,0.289,0.275,0.268,0.111,0.111,0.112,0.098,0.102,0.103,0.155,0.126,0.125,0.111,0.114,0.141,1.278,1.332,1.329,0.083,0.084,0.086,0.083,0.086,0.084,0.121,0.116,0.123,0.265,0.139,0.139,0.323,0.121,0.12,0.133,0.131,0.13,0.115,0.212,0.216,0.12,0.114,0.118,0.115,0.115,0.114,0.164,0.166,0.163,0.116,0.118,0.125,0.254,0.28,0.265,0.084,0.084,0.087,0.086,0.088,0.085,0.084,0.084,0.084,0.084,0.09,0.085,0.084,0.084,0.083,0.086,0.083,0.084
,57:00:00,30,0.418,0.678,0.465,0.109,0.084,0.448,0.447,0.427,0.416,0.084,0.083,0.083,0.131,0.12,0.12,0.312,0.326,0.345,0.287,0.258,0.277,0.393,0.384,0.321,0.29,0.277,0.268,0.11,0.111,0.111,0.098,0.102,0.103,0.154,0.126,0.124,0.111,0.114,0.14,1.277,1.333,1.329,0.082,0.084,0.086,0.083,0.086,0.084,0.121,0.115,0.123,0.264,0.139,0.139,0.322,0.121,0.12,0.133,0.131,0.13,0.114,0.211,0.217,0.12,0.115,0.118,0.114,0.115,0.113,0.164,0.165,0.162,0.116,0.119,0.125,0.255,0.281,0.266,0.084,0.083,0.087,0.086,0.088,0.085,0.084,0.084,0.084,0.084,0.09,0.085,0.084,0.084,0.083,0.085,0.083,0.084
,57:30:00,30,0.418,0.679,0.465,0.109,0.084,0.45,0.446,0.427,0.416,0.084,0.083,0.083,0.132,0.12,0.12,0.311,0.325,0.346,0.286,0.259,0.278,0.392,0.382,0.322,0.289,0.278,0.269,0.11,0.111,0.111,0.098,0.102,0.103,0.154,0.125,0.124,0.111,0.114,0.14,1.278,1.336,1.329,0.082,0.084,0.086,0.083,0.086,0.084,0.121,0.115,0.124,0.263,0.139,0.139,0.321,0.121,0.12,0.133,0.131,0.13,0.115,0.211,0.218,0.119,0.115,0.118,0.114,0.115,0.113,0.163,0.165,0.161,0.115,0.119,0.125,0.256,0.282,0.268,0.084,0.084,0.087,0.086,0.087,0.085,0.084,0.084,0.084,0.084,0.09,0.085,0.084,0.084,0.083,0.086,0.084,0.084
,58:00:00,30,0.418,0.678,0.465,0.109,0.084,0.45,0.448,0.428,0.415,0.084,0.083,0.083,0.132,0.119,0.12,0.31,0.324,0.343,0.285,0.26,0.275,0.392,0.382,0.324,0.284,0.28,0.27,0.11,0.11,0.111,0.098,0.102,0.103,0.153,0.124,0.124,0.11,0.113,0.14,1.278,1.336,1.33,0.082,0.084,0.086,0.083,0.086,0.084,0.121,0.115,0.124,0.262,0.14,0.139,0.32,0.12,0.119,0.134,0.13,0.13,0.115,0.21,0.219,0.12,0.115,0.118,0.114,0.115,0.114,0.163,0.165,0.16,0.115,0.119,0.125,0.258,0.284,0.269,0.084,0.083,0.087,0.086,0.087,0.085,0.084,0.085,0.084,0.084,0.09,0.085,0.084,0.084,0.083,0.086,0.083,0.084
,58:30:00,30,0.419,0.677,0.467,0.109,0.084,0.449,0.447,0.428,0.416,0.084,0.083,0.083,0.132,0.119,0.12,0.31,0.324,0.345,0.285,0.26,0.275,0.392,0.382,0.326,0.28,0.281,0.271,0.11,0.11,0.111,0.098,0.102,0.103,0.153,0.124,0.124,0.11,0.113,0.14,1.278,1.34,1.329,0.083,0.084,0.086,0.083,0.086,0.084,0.121,0.115,0.124,0.262,0.14,0.139,0.319,0.12,0.12,0.135,0.131,0.13,0.115,0.209,0.219,0.12,0.116,0.118,0.114,0.115,0.114,0.162,0.165,0.159,0.115,0.119,0.125,0.259,0.285,0.271,0.084,0.084,0.087,0.086,0.088,0.085,0.084,0.084,0.084,0.084,0.09,0.085,0.084,0.084,0.083,0.086,0.083,0.084
,59:00:00,30,0.419,0.678,0.465,0.109,0.084,0.45,0.447,0.427,0.415,0.084,0.083,0.083,0.132,0.119,0.12,0.308,0.324,0.345,0.283,0.262,0.274,0.391,0.383,0.324,0.278,0.282,0.272,0.11,0.11,0.11,0.098,0.102,0.103,0.152,0.124,0.123,0.11,0.113,0.14,1.275,1.339,1.328,0.082,0.084,0.086,0.083,0.086,0.084,0.121,0.115,0.124,0.262,0.14,0.139,0.318,0.12,0.12,0.135,0.131,0.13,0.115,0.208,0.22,0.119,0.116,0.118,0.113,0.115,0.114,0.162,0.165,0.159,0.116,0.119,0.125,0.261,0.287,0.272,0.084,0.084,0.087,0.086,0.088,0.085,0.084,0.084,0.084,0.084,0.09,0.085,0.084,0.084,0.083,0.086,0.083,0.084
,59:30:00,30,0.418,0.676,0.465,0.109,0.084,0.45,0.447,0.428,0.415,0.084,0.083,0.083,0.132,0.119,0.12,0.307,0.323,0.344,0.283,0.261,0.275,0.39,0.384,0.322,0.276,0.282,0.273,0.11,0.11,0.11,0.098,0.101,0.103,0.152,0.123,0.122,0.11,0.113,0.14,1.273,1.339,1.327,0.082,0.084,0.086,0.083,0.086,0.084,0.121,0.115,0.124,0.262,0.14,0.139,0.317,0.12,0.119,0.133,0.132,0.13,0.115,0.208,0.221,0.119,0.116,0.118,0.113,0.115,0.114,0.162,0.165,0.159,0.116,0.119,0.125,0.262,0.288,0.273,0.084,0.083,0.087,0.086,0.088,0.085,0.084,0.084,0.084,0.084,0.09,0.085,0.084,0.084,0.083,0.085,0.083,0.084
,60:00:00,30,0.418,0.678,0.466,0.109,0.084,0.45,0.448,0.428,0.415,0.084,0.083,0.083,0.132,0.119,0.119,0.308,0.322,0.345,0.284,0.259,0.275,0.39,0.385,0.321,0.273,0.283,0.273,0.109,0.109,0.11,0.098,0.101,0.102,0.151,0.123,0.122,0.11,0.113,0.14,1.27,1.339,1.324,0.082,0.084,0.086,0.083,0.086,0.084,0.121,0.114,0.125,0.264,0.14,0.14,0.317,0.121,0.119,0.134,0.132,0.13,0.116,0.207,0.221,0.119,0.116,0.118,0.113,0.115,0.114,0.162,0.164,0.159,0.115,0.119,0.125,0.263,0.29,0.275,0.084,0.084,0.087,0.086,0.087,0.085,0.084,0.085,0.084,0.084,0.09,0.085,0.084,0.084,0.083,0.085,0.083,0.084
,60:30:00,30,0.417,0.677,0.465,0.109,0.084,0.449,0.448,0.429,0.415,0.084,0.083,0.083,0.134,0.119,0.119,0.306,0.321,0.344,0.281,0.259,0.271,0.391,0.385,0.319,0.272,0.283,0.273,0.109,0.109,0.11,0.097,0.101,0.102,0.151,0.123,0.122,0.11,0.112,0.14,1.267,1.339,1.322,0.082,0.084,0.086,0.083,0.086,0.084,0.12,0.114,0.125,0.266,0.14,0.139,0.316,0.122,0.118,0.134,0.132,0.131,0.116,0.207,0.222,0.118,0.117,0.118,0.114,0.115,0.114,0.161,0.164,0.158,0.116,0.119,0.125,0.265,0.291,0.276,0.084,0.084,0.087,0.086,0.088,0.085,0.084,0.084,0.084,0.084,0.09,0.085,0.084,0.084,0.083,0.085,0.083,0.084
,61:00:00,30,0.419,0.679,0.466,0.109,0.084,0.449,0.448,0.426,0.415,0.084,0.083,0.083,0.134,0.119,0.119,0.306,0.321,0.345,0.281,0.26,0.272,0.393,0.384,0.319,0.271,0.284,0.274,0.109,0.109,0.11,0.097,0.101,0.102,0.15,0.123,0.121,0.11,0.112,0.14,1.263,1.337,1.318,0.082,0.084,0.086,0.083,0.086,0.084,0.121,0.114,0.125,0.267,0.14,0.14,0.316,0.124,0.119,0.133,0.131,0.131,0.116,0.207,0.222,0.119,0.117,0.118,0.114,0.115,0.114,0.161,0.164,0.158,0.115,0.119,0.125,0.266,0.293,0.278,0.084,0.084,0.087,0.086,0.088,0.085,0.084,0.084,0.084,0.084,0.09,0.085,0.084,0.084,0.083,0.086,0.084,0.084
,61:30:00,30,0.417,0.679,0.466,0.109,0.084,0.45,0.449,0.429,0.415,0.084,0.083,0.083,0.134,0.119,0.12,0.305,0.32,0.345,0.28,0.259,0.271,0.393,0.382,0.319,0.271,0.284,0.274,0.109,0.109,0.109,0.097,0.101,0.102,0.15,0.122,0.121,0.11,0.112,0.14,1.258,1.335,1.315,0.082,0.084,0.086,0.083,0.086,0.084,0.12,0.114,0.124,0.267,0.141,0.14,0.315,0.123,0.119,0.133,0.131,0.131,0.115,0.206,0.222,0.119,0.117,0.118,0.114,0.115,0.114,0.161,0.164,0.158,0.114,0.119,0.125,0.267,0.295,0.28,0.084,0.083,0.087,0.086,0.087,0.085,0.084,0.084,0.084,0.084,0.09,0.085,0.084,0.084,0.083,0.085,0.083,0.084
,62:00:00,30,0.418,0.678,0.466,0.109,0.084,0.45,0.449,0.43,0.416,0.084,0.083,0.083,0.134,0.118,0.119,0.304,0.32,0.345,0.278,0.259,0.272,0.394,0.383,0.318,0.269,0.284,0.275,0.108,0.108,0.109,0.097,0.101,0.102,0.149,0.122,0.121,0.109,0.112,0.14,1.254,1.333,1.311,0.082,0.084,0.086,0.083,0.086,0.084,0.121,0.114,0.124,0.266,0.141,0.14,0.316,0.122,0.119,0.134,0.131,0.13,0.115,0.206,0.222,0.118,0.117,0.117,0.114,0.114,0.114,0.16,0.164,0.157,0.115,0.118,0.125,0.269,0.296,0.281,0.083,0.083,0.087,0.085,0.087,0.085,0.084,0.084,0.084,0.084,0.089,0.085,0.084,0.084,0.083,0.085,0.084,0.084
,62:30:00,30,0.418,0.678,0.466,0.109,0.084,0.45,0.449,0.429,0.416,0.084,0.083,0.083,0.135,0.118,0.119,0.304,0.319,0.345,0.28,0.259,0.272,0.394,0.382,0.316,0.266,0.284,0.275,0.108,0.108,0.109,0.097,0.101,0.102,0.149,0.121,0.121,0.109,0.111,0.14,1.251,1.33,1.308,0.082,0.084,0.086,0.083,0.086,0.084,0.12,0.114,0.124,0.265,0.141,0.14,0.316,0.121,0.119,0.135,0.132,0.131,0.116,0.205,0.222,0.118,0.117,0.118,0.114,0.115,0.114,0.161,0.164,0.157,0.114,0.119,0.125,0.27,0.298,0.282,0.084,0.083,0.087,0.086,0.088,0.085,0.084,0.084,0.084,0.084,0.09,0.085,0.084,0.084,0.083,0.086,0.083,0.084
,63:00:00,30,0.418,0.678,0.465,0.109,0.084,0.449,0.447,0.428,0.415,0.084,0.083,0.083,0.136,0.118,0.119,0.303,0.319,0.344,0.278,0.258,0.271,0.396,0.38,0.315,0.266,0.284,0.275,0.108,0.108,0.109,0.097,0.101,0.102,0.148,0.121,0.12,0.109,0.111,0.14,1.248,1.326,1.306,0.082,0.084,0.086,0.083,0.086,0.084,0.12,0.114,0.124,0.264,0.142,0.14,0.316,0.121,0.119,0.136,0.132,0.131,0.116,0.204,0.222,0.118,0.118,0.118,0.114,0.115,0.114,0.161,0.164,0.157,0.114,0.119,0.125,0.271,0.3,0.284,0.084,0.083,0.087,0.086,0.088,0.085,0.084,0.084,0.084,0.084,0.09,0.085,0.084,0.084,0.083,0.086,0.084,0.084
,63:30:00,30,0.418,0.679,0.466,0.109,0.083,0.449,0.446,0.427,0.416,0.084,0.083,0.083,0.135,0.118,0.119,0.302,0.318,0.344,0.278,0.258,0.271,0.395,0.381,0.314,0.265,0.284,0.275,0.108,0.107,0.109,0.097,0.1,0.102,0.148,0.121,0.12,0.108,0.111,0.139,1.246,1.322,1.304,0.082,0.084,0.086,0.083,0.086,0.084,0.12,0.113,0.124,0.263,0.142,0.14,0.317,0.12,0.119,0.135,0.132,0.131,0.116,0.204,0.222,0.118,0.118,0.117,0.114,0.115,0.114,0.16,0.163,0.156,0.115,0.119,0.125,0.273,0.301,0.285,0.083,0.083,0.087,0.086,0.087,0.085,0.084,0.084,0.084,0.084,0.09,0.085,0.084,0.084,0.083,0.086,0.083,0.084
,64:00:00,30,0.416,0.679,0.465,0.109,0.084,0.449,0.448,0.428,0.415,0.084,0.083,0.083,0.137,0.118,0.119,0.302,0.318,0.344,0.275,0.258,0.271,0.396,0.383,0.314,0.263,0.284,0.275,0.108,0.108,0.108,0.097,0.1,0.102,0.148,0.121,0.12,0.108,0.111,0.14,1.243,1.318,1.303,0.082,0.084,0.086,0.083,0.086,0.084,0.12,0.113,0.124,0.263,0.142,0.141,0.317,0.12,0.119,0.135,0.132,0.131,0.115,0.204,0.221,0.118,0.119,0.117,0.115,0.115,0.114,0.16,0.163,0.156,0.115,0.119,0.125,0.274,0.303,0.287,0.084,0.084,0.087,0.086,0.088,0.085,0.084,0.085,0.084,0.084,0.09,0.085,0.084,0.084,0.083,0.085,0.083,0.084
,64:30:00,30,0.417,0.678,0.466,0.109,0.084,0.449,0.448,0.429,0.416,0.084,0.083,0.083,0.137,0.118,0.119,0.3,0.317,0.344,0.274,0.259,0.27,0.395,0.383,0.313,0.262,0.284,0.274,0.108,0.107,0.108,0.097,0.1,0.102,0.147,0.121,0.12,0.109,0.111,0.139,1.241,1.315,1.301,0.082,0.084,0.086,0.083,0.086,0.084,0.12,0.113,0.123,0.262,0.142,0.14,0.319,0.12,0.119,0.134,0.132,0.131,0.116,0.203,0.221,0.118,0.119,0.117,0.115,0.115,0.114,0.16,0.163,0.156,0.115,0.119,0.125,0.275,0.304,0.288,0.084,0.084,0.087,0.086,0.087,0.085,0.084,0.084,0.084,0.084,0.09,0.085,0.084,0.084,0.083,0.086,0.083,0.084
,65:00:00,30,0.416,0.679,0.464,0.109,0.084,0.449,0.448,0.428,0.416,0.084,0.083,0.083,0.137,0.118,0.119,0.3,0.316,0.345,0.274,0.258,0.269,0.396,0.384,0.312,0.26,0.283,0.273,0.107,0.107,0.108,0.096,0.1,0.101,0.147,0.12,0.12,0.108,0.11,0.139,1.239,1.312,1.298,0.082,0.084,0.086,0.083,0.086,0.084,0.12,0.113,0.123,0.261,0.142,0.14,0.32,0.12,0.119,0.134,0.132,0.131,0.115,0.203,0.221,0.118,0.119,0.117,0.115,0.115,0.114,0.16,0.163,0.156,0.115,0.119,0.124,0.276,0.306,0.289,0.084,0.083,0.087,0.086,0.088,0.085,0.084,0.084,0.084,0.084,0.09,0.085,0.084,0.084,0.083,0.085,0.083,0.084
,65:30:00,30,0.418,0.679,0.465,0.109,0.084,0.45,0.448,0.428,0.415,0.084,0.083,0.083,0.138,0.118,0.119,0.3,0.316,0.345,0.272,0.257,0.27,0.395,0.383,0.312,0.259,0.284,0.274,0.107,0.107,0.108,0.096,0.1,0.102,0.147,0.12,0.119,0.108,0.11,0.139,1.236,1.309,1.297,0.083,0.084,0.086,0.083,0.086,0.084,0.12,0.113,0.124,0.261,0.143,0.14,0.321,0.12,0.119,0.134,0.132,0.132,0.116,0.203,0.222,0.118,0.119,0.117,0.115,0.115,0.114,0.16,0.163,0.156,0.115,0.119,0.124,0.278,0.307,0.291,0.084,0.084,0.087,0.086,0.088,0.085,0.084,0.085,0.084,0.084,0.09,0.085,0.084,0.084,0.083,0.086,0.084,0.084
,66:00:00,30,0.416,0.679,0.466,0.109,0.084,0.45,0.449,0.428,0.416,0.084,0.083,0.083,0.138,0.118,0.119,0.299,0.315,0.345,0.272,0.256,0.268,0.395,0.382,0.311,0.259,0.283,0.273,0.107,0.107,0.108,0.096,0.1,0.101,0.146,0.12,0.119,0.108,0.11,0.139,1.234,1.307,1.294,0.082,0.084,0.086,0.083,0.086,0.084,0.12,0.113,0.123,0.261,0.143,0.14,0.322,0.12,0.119,0.134,0.133,0.132,0.115,0.202,0.222,0.118,0.12,0.117,0.115,0.115,0.114,0.16,0.163,0.156,0.117,0.119,0.124,0.279,0.309,0.292,0.084,0.084,0.087,0.086,0.088,0.085,0.084,0.084,0.084,0.084,0.09,0.085,0.084,0.084,0.083,0.086,0.083,0.084
,66:30:00,30,0.416,0.679,0.466,0.109,0.084,0.448,0.447,0.428,0.415,0.084,0.083,0.083,0.139,0.118,0.119,0.298,0.315,0.344,0.272,0.255,0.266,0.396,0.381,0.31,0.258,0.284,0.273,0.107,0.106,0.107,0.096,0.1,0.101,0.146,0.119,0.119,0.107,0.11,0.139,1.232,1.304,1.292,0.082,0.084,0.086,0.083,0.086,0.084,0.12,0.113,0.123,0.261,0.143,0.14,0.323,0.121,0.118,0.135,0.133,0.131,0.115,0.202,0.221,0.118,0.12,0.117,0.115,0.115,0.114,0.159,0.162,0.156,0.117,0.119,0.124,0.28,0.31,0.294,0.084,0.084,0.087,0.086,0.087,0.085,0.084,0.084,0.084,0.084,0.09,0.085,0.084,0.084,0.083,0.085,0.083,0.084
,67:00:00,30,0.415,0.679,0.466,0.109,0.084,0.449,0.447,0.427,0.416,0.084,0.083,0.083,0.14,0.117,0.118,0.297,0.314,0.344,0.271,0.253,0.265,0.394,0.382,0.31,0.257,0.283,0.273,0.107,0.106,0.107,0.096,0.099,0.101,0.145,0.119,0.118,0.107,0.11,0.139,1.23,1.302,1.29,0.083,0.084,0.086,0.083,0.086,0.084,0.12,0.113,0.123,0.261,0.143,0.14,0.324,0.122,0.118,0.137,0.133,0.132,0.116,0.202,0.221,0.118,0.12,0.117,0.115,0.115,0.113,0.159,0.162,0.156,0.115,0.119,0.124,0.282,0.311,0.295,0.084,0.083,0.087,0.086,0.087,0.085,0.084,0.084,0.084,0.084,0.09,0.085,0.084,0.084,0.083,0.086,0.083,0.084
,00:00:00,0,,,,,,,,,,,,,,,,,,,,,,,,,,,,,,,,,,,,,,,,,,,,,,,,,,,,,,,,,,,,,,,,,,,,,,,,,,,,,,,,,,,,,,,,,,,,,,,,
,00:00:00,0,,,,,,,,,,,,,,,,,,,,,,,,,,,,,,,,,,,,,,,,,,,,,,,,,,,,,,,,,,,,,,,,,,,,,,,,,,,,,,,,,,,,,,,,,,,,,,,,
,00:00:00,0,,,,,,,,,,,,,,,,,,,,,,,,,,,,,,,,,,,,,,,,,,,,,,,,,,,,,,,,,,,,,,,,,,,,,,,,,,,,,,,,,,,,,,,,,,,,,,,,
,00:00:00,0,,,,,,,,,,,,,,,,,,,,,,,,,,,,,,,,,,,,,,,,,,,,,,,,,,,,,,,,,,,,,,,,,,,,,,,,,,,,,,,,,,,,,,,,,,,,,,,,
,00:00:00,0,,,,,,,,,,,,,,,,,,,,,,,,,,,,,,,,,,,,,,,,,,,,,,,,,,,,,,,,,,,,,,,,,,,,,,,,,,,,,,,,,,,,,,,,,,,,,,,,
,00:00:00,0,,,,,,,,,,,,,,,,,,,,,,,,,,,,,,,,,,,,,,,,,,,,,,,,,,,,,,,,,,,,,,,,,,,,,,,,,,,,,,,,,,,,,,,,,,,,,,,,
,00:00:00,0,,,,,,,,,,,,,,,,,,,,,,,,,,,,,,,,,,,,,,,,,,,,,,,,,,,,,,,,,,,,,,,,,,,,,,,,,,,,,,,,,,,,,,,,,,,,,,,,
,00:00:00,0,,,,,,,,,,,,,,,,,,,,,,,,,,,,,,,,,,,,,,,,,,,,,,,,,,,,,,,,,,,,,,,,,,,,,,,,,,,,,,,,,,,,,,,,,,,,,,,,
,00:00:00,0,,,,,,,,,,,,,,,,,,,,,,,,,,,,,,,,,,,,,,,,,,,,,,,,,,,,,,,,,,,,,,,,,,,,,,,,,,,,,,,,,,,,,,,,,,,,,,,,
,00:00:00,0,,,,,,,,,,,,,,,,,,,,,,,,,,,,,,,,,,,,,,,,,,,,,,,,,,,,,,,,,,,,,,,,,,,,,,,,,,,,,,,,,,,,,,,,,,,,,,,,
,,,,,,,,,,,,,,,,,,,,,,,,,,,,,,,,,,,,,,,,,,,,,,,,,,,,,,,,,,,,,,,,,,,,,,,,,,,,,,,,,,,,,,,,,,,,,,,,,,
Results,,,,,,,,,,,,,,,,,,,,,,,,,,,,,,,,,,,,,,,,,,,,,,,,,,,,,,,,,,,,,,,,,,,,,,,,,,,,,,,,,,,,,,,,,,,,,,,,,,
,,,,,,,,,,,,,,,,,,,,,,,,,,,,,,,,,,,,,,,,,,,,,,,,,,,,,,,,,,,,,,,,,,,,,,,,,,,,,,,,,,,,,,,,,,,,,,,,,,
,,1,2,3,4,5,6,7,8,9,10,11,12,,,,,,,,,,,,,,,,,,,,,,,,,,,,,,,,,,,,,,,,,,,,,,,,,,,,,,,,,,,,,,,,,,,,,,,,,,,,,,,,,,,,,
,A,-1.267,1.613,0.33,-0.167,0.017,1.1,1.643,1.947,0.667,-0.017,-0.02,-0.013,Max V [600],,,,,,,,,,,,,,,,,,,,,,,,,,,,,,,,,,,,,,,,,,,,,,,,,,,,,,,,,,,,,,,,,,,,,,,,,,,,,,,,,,,,
,,1,1,1,1,1,1,1,1,1,1,1,1,R-Squared [600],,,,,,,,,,,,,,,,,,,,,,,,,,,,,,,,,,,,,,,,,,,,,,,,,,,,,,,,,,,,,,,,,,,,,,,,,,,,,,,,,,,,
,,09:15:00,03:45:00,07:45:00,07:15:00,16:45:00,01:45:00,01:45:00,01:45:00,01:45:00,29:15:00,04:45:00,07:45:00,t at Max V [600],,,,,,,,,,,,,,,,,,,,,,,,,,,,,,,,,,,,,,,,,,,,,,,,,,,,,,,,,,,,,,,,,,,,,,,,,,,,,,,,,,,,
,,08:47:27,03:48:39,07:21:49,07:25:48,16:42:00,02:13:05,02:00:44,02:11:21,02:21:09,29:18:00,04:45:00,07:37:30,Lagtime [600],,,,,,,,,,,,,,,,,,,,,,,,,,,,,,,,,,,,,,,,,,,,,,,,,,,,,,,,,,,,,,,,,,,,,,,,,,,,,,,,,,,,
,B,0.27,0.2,0.187,1.177,0.933,0.953,1.893,2.583,1.797,0.797,1.223,1.03,Max V [600],,,,,,,,,,,,,,,,,,,,,,,,,,,,,,,,,,,,,,,,,,,,,,,,,,,,,,,,,,,,,,,,,,,,,,,,,,,,,,,,,,,,
,,1,1,1,1,1,1,1,1,1,1,1,1,R-Squared [600],,,,,,,,,,,,,,,,,,,,,,,,,,,,,,,,,,,,,,,,,,,,,,,,,,,,,,,,,,,,,,,,,,,,,,,,,,,,,,,,,,,,
,,02:45:00,00:15:00,02:15:00,13:45:00,09:15:00,11:15:00,07:45:00,07:45:00,07:45:00,14:15:00,08:15:00,12:15:00,t at Max V [600],,,,,,,,,,,,,,,,,,,,,,,,,,,,,,,,,,,,,,,,,,,,,,,,,,,,,,,,,,,,,,,,,,,,,,,,,,,,,,,,,,,,
,,01:28:31,00:00:00,01:15:00,12:01:06,07:42:19,09:30:13,06:11:34,06:37:12,05:56:53,10:26:37,07:01:38,09:42:49,Lagtime [600],,,,,,,,,,,,,,,,,,,,,,,,,,,,,,,,,,,,,,,,,,,,,,,,,,,,,,,,,,,,,,,,,,,,,,,,,,,,,,,,,,,,
,C,1.247,1.167,1.047,0.23,0.627,0.493,0.13,0.113,0.053,0.637,0.73,-0.707,Max V [600],,,,,,,,,,,,,,,,,,,,,,,,,,,,,,,,,,,,,,,,,,,,,,,,,,,,,,,,,,,,,,,,,,,,,,,,,,,,,,,,,,,,
,,1,1,1,1,1,1,1,1,1,1,1,1,R-Squared [600],,,,,,,,,,,,,,,,,,,,,,,,,,,,,,,,,,,,,,,,,,,,,,,,,,,,,,,,,,,,,,,,,,,,,,,,,,,,,,,,,,,,
,,12:45:00,09:15:00,07:45:00,02:45:00,03:15:00,00:15:00,01:15:00,13:15:00,00:15:00,05:15:00,04:45:00,07:45:00,t at Max V [600],,,,,,,,,,,,,,,,,,,,,,,,,,,,,,,,,,,,,,,,,,,,,,,,,,,,,,,,,,,,,,,,,,,,,,,,,,,,,,,,,,,,
,,11:02:58,07:41:19,05:55:59,01:30:26,02:28:24,00:00:00,00:43:05,11:53:49,00:00:00,03:27:20,03:11:55,09:47:58,Lagtime [600],,,,,,,,,,,,,,,,,,,,,,,,,,,,,,,,,,,,,,,,,,,,,,,,,,,,,,,,,,,,,,,,,,,,,,,,,,,,,,,,,,,,
,D,0.717,0.427,-0.467,3.113,2.663,2.533,-0.013,0.017,0.013,0.017,0.013,0.017,Max V [600],,,,,,,,,,,,,,,,,,,,,,,,,,,,,,,,,,,,,,,,,,,,,,,,,,,,,,,,,,,,,,,,,,,,,,,,,,,,,,,,,,,,
,,1,1,1,1,1,1,1,1,1,1,1,1,R-Squared [600],,,,,,,,,,,,,,,,,,,,,,,,,,,,,,,,,,,,,,,,,,,,,,,,,,,,,,,,,,,,,,,,,,,,,,,,,,,,,,,,,,,,
,,00:15:00,00:15:00,02:45:00,05:15:00,04:45:00,05:15:00,04:45:00,20:45:00,65:15:00,05:15:00,57:15:00,33:15:00,t at Max V [600],,,,,,,,,,,,,,,,,,,,,,,,,,,,,,,,,,,,,,,,,,,,,,,,,,,,,,,,,,,,,,,,,,,,,,,,,,,,,,,,,,,,
,,00:00:00,00:00:00,03:07:43,04:14:29,03:43:11,04:00:21,04:37:30,20:42:00,64:30:00,05:18:00,57:15:00,33:12:00,Lagtime [600],,,,,,,,,,,,,,,,,,,,,,,,,,,,,,,,,,,,,,,,,,,,,,,,,,,,,,,,,,,,,,,,,,,,,,,,,,,,,,,,,,,,
,E,0.31,0.223,0.39,0.347,0.28,0.443,1.31,0.153,0.203,0.393,0.317,0.227,Max V [600],,,,,,,,,,,,,,,,,,,,,,,,,,,,,,,,,,,,,,,,,,,,,,,,,,,,,,,,,,,,,,,,,,,,,,,,,,,,,,,,,,,,
,,1,1,1,1,1,1,1,1,1,1,1,1,R-Squared [600],,,,,,,,,,,,,,,,,,,,,,,,,,,,,,,,,,,,,,,,,,,,,,,,,,,,,,,,,,,,,,,,,,,,,,,,,,,,,,,,,,,,
,,05:15:00,00:45:00,00:15:00,17:15:00,00:45:00,00:15:00,32:45:00,01:15:00,01:15:00,00:15:00,00:15:00,03:15:00,t at Max V [600],,,,,,,,,,,,,,,,,,,,,,,,,,,,,,,,,,,,,,,,,,,,,,,,,,,,,,,,,,,,,,,,,,,,,,,,,,,,,,,,,,,,
,,04:33:14,00:12:05,00:00:00,14:42:24,00:04:39,00:00:00,30:45:53,00:14:21,00:20:10,00:00:00,00:00:00,02:15:00,Lagtime [600],,,,,,,,,,,,,,,,,,,,,,,,,,,,,,,,,,,,,,,,,,,,,,,,,,,,,,,,,,,,,,,,,,,,,,,,,,,,,,,,,,,,
,F,0.21,0.52,0.613,0.293,0.337,0.2,0.24,0.217,0.203,0.32,0.28,0.363,Max V [600],,,,,,,,,,,,,,,,,,,,,,,,,,,,,,,,,,,,,,,,,,,,,,,,,,,,,,,,,,,,,,,,,,,,,,,,,,,,,,,,,,,,
,,1,1,1,1,1,1,1,1,1,1,1,1,R-Squared [600],,,,,,,,,,,,,,,,,,,,,,,,,,,,,,,,,,,,,,,,,,,,,,,,,,,,,,,,,,,,,,,,,,,,,,,,,,,,,,,,,,,,
,,04:15:00,26:45:00,38:45:00,00:15:00,00:45:00,24:15:00,00:15:00,00:45:00,00:15:00,00:45:00,00:45:00,00:45:00,t at Max V [600],,,,,,,,,,,,,,,,,,,,,,,,,,,,,,,,,,,,,,,,,,,,,,,,,,,,,,,,,,,,,,,,,,,,,,,,,,,,,,,,,,,,
,,03:20:57,25:03:05,36:30:29,00:00:00,00:11:35,21:54:00,00:00:00,00:27:14,00:00:00,00:12:30,00:14:39,00:29:43,Lagtime [600],,,,,,,,,,,,,,,,,,,,,,,,,,,,,,,,,,,,,,,,,,,,,,,,,,,,,,,,,,,,,,,,,,,,,,,,,,,,,,,,,,,,
,G,0.297,0.24,0.24,0.08,0.09,0.087,-0.013,0.013,-0.017,-0.017,0.013,-0.013,Max V [600],,,,,,,,,,,,,,,,,,,,,,,,,,,,,,,,,,,,,,,,,,,,,,,,,,,,,,,,,,,,,,,,,,,,,,,,,,,,,,,,,,,,
,,1,1,1,1,1,1,1,1,1,1,1,1,R-Squared [600],,,,,,,,,,,,,,,,,,,,,,,,,,,,,,,,,,,,,,,,,,,,,,,,,,,,,,,,,,,,,,,,,,,,,,,,,,,,,,,,,,,,
,,04:45:00,00:15:00,00:45:00,11:45:00,10:45:00,14:45:00,01:45:00,20:45:00,33:45:00,07:45:00,19:15:00,04:45:00,t at Max V [600],,,,,,,,,,,,,,,,,,,,,,,,,,,,,,,,,,,,,,,,,,,,,,,,,,,,,,,,,,,,,,,,,,,,,,,,,,,,,,,,,,,,
,,03:42:08,00:00:00,00:07:30,07:15:00,06:30:00,08:27:42,01:45:00,20:37:30,33:42:00,07:48:00,19:30:00,04:37:30,Lagtime [600],,,,,,,,,,,,,,,,,,,,,,,,,,,,,,,,,,,,,,,,,,,,,,,,,,,,,,,,,,,,,,,,,,,,,,,,,,,,,,,,,,,,
,H,-0.017,0.013,-0.017,-0.013,-0.013,0.013,0.017,0.01,0.013,0.017,0.013,-0.013,Max V [600],,,,,,,,,,,,,,,,,,,,,,,,,,,,,,,,,,,,,,,,,,,,,,,,,,,,,,,,,,,,,,,,,,,,,,,,,,,,,,,,,,,,
,,1,1,1,1,1,1,1,1,1,1,1,1,R-Squared [600],,,,,,,,,,,,,,,,,,,,,,,,,,,,,,,,,,,,,,,,,,,,,,,,,,,,,,,,,,,,,,,,,,,,,,,,,,,,,,,,,,,,
,,04:45:00,01:15:00,04:45:00,01:45:00,02:45:00,02:15:00,33:15:00,46:15:00,33:15:00,19:15:00,06:45:00,18:15:00,t at Max V [600],,,,,,,,,,,,,,,,,,,,,,,,,,,,,,,,,,,,,,,,,,,,,,,,,,,,,,,,,,,,,,,,,,,,,,,,,,,,,,,,,,,,
,,04:48:00,01:07:30,04:48:00,01:45:00,02:45:00,02:15:00,33:06:00,46:20:00,33:07:30,19:12:00,06:30:00,18:30:00,Lagtime [600],,,,,,,,,,,,,,,,,,,,,,,,,,,,,,,,,,,,,,,,,,,,,,,,,,,,,,,,,,,,,,,,,,,,,,,,,,,,,,,,,,,,