Fasta headers,P,P,P,PhAc,PhAc,PhAc,DBP,DBP,DBP,DEHP,DEHP,DEHP,ATBC,ATBC,ATBC,P_relabun,PhAc_relabun,DBP_relabun,DEHP_relabun,ATBC_relabun,P,PhAc,DBP,DEHP,ATBC,P_sd,PhAc_sd,DBP_sd,DEHP_sd,ATBC_sd,P_PhAc_fc,P_DBP_fc,P_DEHP_fc,P_ATBC_fc,PhAc_DBP_fc,PhAc_DEHP_fc,PhAc_ATBC_fc,P_PhAc_ttest,P_DBP_ttest,P_DEHP_ttest,P_ATBC_ttest,P_PhAc_ttest_sig,P_DBP_ttest_sig,P_DEHP_ttest_sig,P_ATBC_ttest_sig,PhAc_DBP_ttest,PhAc_DEHP_ttest,PhAc_ATBC_ttest,PhAc_DBP_ttest_sig,PhAc_DEHP_ttest_sig,PhAc_ATBC_ttest_sig
JANJIKNC_00109 N-acetylmuramoyl-L-alanine amidase,-3.999333,-4.099495,-4.514619,-3.827757,-3.020026,-3.632077,-5.370809,-7.148111,-5.966702,-5.256189,-4.522289,-5.012973,-3.490432,-4.075708,-3.952679,5.706302205907359,6.7780118191148375,1.7400192094018627,3.422323835302442,8.117576026927749,-4.204482333333334,-3.4932866666666667,-6.161874,-4.9304836666666665,-3.8396063333333337,0.22307946352414906,0.3440488430056924,0.7385886008638367,0.3052383441239904,0.25196040694830496,0.7111956666666672,-1.9573916666666662,-0.7260013333333326,0.3648760000000002,-2.6685873333333334,-1.4371969999999998,-0.346319666666667,0.07022724669870604,0.023006118493138567,0.05322222747391634,0.19996374629878982,,+,,,0.009793914849777385,0.01151882840852143,0.3147728729942896,+,+,
JANJIKNC_00121 hypothetical protein,-9.945644,-9.260047,-8.989629,-5.559132,-8.078678,-7.608081,-10.48707,-10.45335,-9.001047,-8.089337,-9.980935,-8.290659,-9.099168,-9.167282,-9.574244,0.1558898051810454,0.5633819128852076,0.123320814916285,0.23626583780862015,0.18691107902086293,-9.39844,-7.081963666666667,-9.980489,-8.786977,-9.280231333333333,0.40237266051344284,1.0938091234623872,0.6927068803483909,0.8482469829965015,0.2097497959781817,2.316476333333334,-0.5820489999999996,0.6114630000000005,0.11820866666666774,-2.8985253333333336,-1.7050133333333335,-2.1982676666666663,0.048273952443596196,0.3622454520768785,0.4091383255753965,0.7312332901381347,+,,,,0.03398540590583772,0.15646928337624658,0.04924476430057645,+,,+
JANJIKNC_00188 hypothetical protein,-10.00008,-8.773574,-8.295412,-6.876429,-8.100867,-7.512276,-11.13984,-10.45678,-10.35596,-7.826786,-6.873395,-8.012807,-10.40923,-9.657454,-9.142492,0.20222264812288804,0.4226762101104464,0.0774880276554585,0.5488424391501242,0.13624387937589394,-9.023022,-7.496524,-10.65086,-7.570996000000001,-9.736392,0.7179329012677067,0.49999879872455666,0.3482022864179191,0.49909005166803316,0.5201472202136623,1.5264979999999992,-1.6278380000000006,1.4520259999999983,-0.7133700000000012,-3.154336,-0.07447200000000098,-2.2398680000000004,0.06913108378090271,0.04478067570685734,0.07864188086420654,0.31867489159375106,,+,,,0.0018518487877203108,0.8887048659950728,0.011778819997854817,+,,+
JANJIKNC_00192 hypothetical protein,-8.930629,-9.994226,-8.506001,-6.225051,-8.911482,-8.193339,-6.950648,-5.685903,-9.354493,-3.566985,-4.861627,-3.658472,-10.32538,-4.835973,-5.640329,0.18600583968005283,0.3480882013879076,0.774120056544832,6.392729046757741,0.9505018399976874,-9.143618666666667,-7.776624000000001,-7.330348000000001,-4.029028,-6.933894,0.6259535985126125,1.135625062204071,1.5215709457717266,0.5899199317947029,2.4205206202841287,1.366994666666666,1.813270666666666,5.1145906666666665,2.2097246666666672,0.4462760000000001,3.7475960000000006,0.8427300000000013,0.21025740674424837,0.194095540443457,0.0010945412339791914,0.27946094069807537,,,+,,0.7562685548711688,0.014359059911012594,0.6788390244226934,,+,
JANJIKNC_00472 PE-PGRS family protein PE_PGRS11,-8.654559,-8.814291,-8.592641,-6.377089,-8.891027,-8.447753,-12.25124,-10.93126,-10.02715,-8.385326,-7.880668,-7.734619,-11.18672,-9.298122,-9.842536,0.25523088468782956,0.31838828369094185,0.05795568115671922,0.4076083790228468,0.10522353471704539,-8.687163666666669,-7.905289666666666,-11.069883333333332,-8.000204333333334,-10.109126000000002,0.09337907988885365,1.095649249826888,0.9132565917029496,0.27877302739245646,0.793726767628928,0.7818740000000028,-2.382719666666663,0.6869593333333341,-1.421962333333333,-3.164593666666666,-0.0949146666666687,-2.203836333333336,0.37151990808394353,0.021379917499098056,0.029807958005302067,0.06562116104007912,,+,+,,0.03492641352592952,0.9112140780679394,0.08260726905995268,+,,
JANJIKNC_00516 Glyceraldehyde-3-phosphate dehydrogenase,-7.432331,-7.665786,-8.869825,-7.145037,-6.489163,-5.889631,-8.015729,-8.195687,-9.574323,-9.839616,-8.003807,-8.998219,-7.91513,-7.902129,-7.466706,0.41400626003018653,0.8386874380592846,0.32213356572644286,0.2114291126855649,0.5356392768076247,-7.989314,-6.507943666666667,-8.595246333333334,-8.947214,-7.761321666666667,0.6298677242601555,0.512689373980863,0.6961989944689344,0.7503331720593636,0.20839233796588807,1.4813703333333335,-0.6059323333333335,-0.9579000000000004,0.2279923333333329,-2.087302666666667,-2.439270333333334,-1.2533780000000005,0.06135667962667296,0.41301651850442295,0.23890866952319104,0.6523950926779425,,,,,0.026924548156387448,0.019169822138806972,0.03281093479518027,+,+,+
JANJIKNC_00517 Phosphoglycerate kinase,-9.463237,-9.008883,-9.194046,-6.907644,-7.424632,-7.89902,-8.366247,-7.03836,-6.722098,-9.204079,-9.428031,-9.591312,-7.502433,-8.69394,-7.741906,0.17616303738091796,0.44866694965518983,0.7502321011254163,0.15364285832002061,0.4604859333295476,-9.222055333333333,-7.410432,-7.375568333333333,-9.407807333333333,-7.9794263333333335,0.18654361669474337,0.4048520909698585,0.7123148080272435,0.15873268218892075,0.5146093433031397,1.8116233333333334,1.8464870000000007,-0.18575199999999903,1.242629,0.03486366666666729,-1.9973753333333324,-0.5689943333333334,0.00454256396194794,0.02387611239932918,0.3438962787148129,0.03257399914556038,+,+,,+,0.9549012695486095,0.0028970751989764536,0.286446949484939,,+,
JANJIKNC_00527 Transaldolase,-10.90942,-9.874568,-9.428066,-6.396847,-7.92252,-7.470133,-5.74946,-5.546536,-6.869697,-9.285518,-8.681237,-9.584639,-8.243773,-8.979929,-8.297871,0.09782546145728561,0.49688439969896936,1.8735133179653647,0.17945100986483256,0.3194062226858663,-10.070684666666667,-7.263166666666667,-6.055230999999999,-9.183798,-8.507191,0.620456137873492,0.6398155062632419,0.5818422961083759,0.3757605728838511,0.3350050356676252,2.807518,4.015453666666668,0.8868866666666673,1.5634936666666661,1.2079356666666676,-1.9206313333333327,-1.2440243333333338,0.011204344692384852,0.002616486156829599,0.1588472172374627,0.034989091403685085,+,+,,+,0.11944070310399796,0.021568189054456312,0.07151586143670875,,+,
JANJIKNC_00558 Aconitate hydratase A,-8.258082,-8.978178,-8.601236,-5.324399,-7.596888,-7.270276,-6.87269,-6.888731,-6.418799,-10.70058,-11.40396,-10.76992,-10.92698,-9.574405,-8.750763,0.26878784815991086,0.7187828137268432,1.1762846597049368,0.05245799995252339,0.13489785606408375,-8.612498666666667,-6.7305209999999995,-6.7267399999999995,-10.958153333333334,-9.750715999999999,0.2940858129291894,1.003179332189747,0.2178456227561161,0.31650139223846807,0.8971414917440099,1.8819776666666677,1.8857586666666677,-2.3456546666666664,-1.1382173333333316,0.0037810000000000343,-4.227632333333334,-3.0201949999999993,0.06357868595750979,0.001885113092058621,0.0015472236726623543,0.16340102241335985,,+,+,,0.9960934252861959,0.004730801256453342,0.033738698199302954,,+,+
JANJIKNC_00672 hypothetical protein,-7.054645,-6.627104,-8.303542,-6.363577,-6.62448,-7.707184,-8.858305,-9.412313,-8.453693,-6.778081,-6.095551,-5.628891,-8.383157,-6.413152,-6.546832,0.6545649030680438,0.6398187393114746,0.2593322560398534,1.4519102547243847,0.83872803877786,-7.328430333333333,-6.898413666666667,-8.908103666666667,-6.167507666666666,-7.114380333333334,0.7112570555115,0.5817214011949552,0.3929359629772882,0.4719058772208241,0.8988189502557727,0.43001666666666605,-1.579673333333334,1.160922666666667,0.2140499999999994,-2.00969,0.7309060000000009,-0.21596666666666664,0.5442544006893686,0.05141329231490116,0.12676822741763688,0.8047499842110637,,,,,0.015493066813723174,0.23971981276396798,0.7895984654422181,+,,
"JANJIKNC_00695 Leucine-, isoleucine-, valine-, threonine-, and alanine-binding protein",-7.816368,-8.122107,-9.676441,-6.091578,-5.671445,-5.25134,-7.324699,-6.714848,-9.966281,-6.583363,-6.427801,-7.398335,-8.186459,-7.45778,-7.46519,0.28297238113127626,1.4976437504051936,0.48600213830583816,0.9345175182445449,0.5576811159582398,-8.538305333333334,-5.671454333333333,-8.001942666666666,-6.803166333333333,-7.703143,0.8144051738679522,0.3430257271462627,1.4111339120018185,0.42561264885443556,0.34176940951173473,2.8668510000000005,0.5363626666666672,1.7351390000000002,0.8351623333333338,-2.3304883333333333,-1.1317120000000003,-2.0316886666666667,0.010122679089846464,0.6657476428938632,0.05578334964314812,0.2521114129070655,+,,,,0.08577648942550115,0.042905041008904875,0.004043762606898281,,+,+
JANJIKNC_00775 hypothetical protein,-4.717934,-3.876488,-4.094351,-1.582561,-3.403979,-3.25523,-5.39094,-4.786127,-3.561432,-3.638483,-3.668467,-3.561955,-4.007112,-3.208821,-3.861333,5.607848939219739,11.36788651664548,5.21070133939034,8.470761169670258,8.989452956676987,-4.229591,-2.7472566666666665,-4.579499666666666,-3.622968333333334,-3.692422,0.3565812071408137,0.8258000416623601,0.7610501611485422,0.04484588570748586,0.34709780044535016,1.4823343333333336,-0.349908666666666,0.6066226666666661,0.537169,-1.8322429999999996,-0.8757116666666676,-0.9451653333333336,0.08020245838839331,0.5876451608510013,0.07540640893668263,0.20156480353339604,,,,,0.08227032460972934,0.20861961742130455,0.20993088982274682,,,
JANJIKNC_00796 FKBP-type 22 kDa peptidyl-prolyl cis-trans isomerase,-4.791876,-5.012071,-3.17659,-6.357445,-7.997763,-8.922906,-5.178338,-4.773666,-3.383551,-3.935107,-3.970932,-4.684022,-5.050293,-4.714139,-5.153341,5.242274215214833,0.35227585130912814,5.719116259110942,5.691358062347736,3.7013827403289157,-4.326845666666667,-7.759371333333334,-4.445185,-4.196687,-4.972591,0.8183061910761493,1.0608237288957207,0.7686524656232273,0.344908112715063,0.1875327523465345,-3.432525666666667,-0.11833933333333313,0.13015866666666742,-0.6457453333333332,3.3141863333333337,3.5626843333333342,2.7867803333333336,0.022292572251593146,0.8887144374350568,0.8459139275803188,0.3378436451663488,+,,,,0.02321407667771908,0.010684614412048116,0.021610586309798074,+,+,+
JANJIKNC_00822 Peptidoglycan endopeptidase RipB,-10.19427,-6.853162,-8.036553,-6.006063,-8.392983,-7.321033,-8.919121,-10.93107,-9.284707,-7.50275,-6.691833,-6.59025,-10.78103,-8.60282,-7.69073,0.3199038264502714,0.5049185149240895,0.14858337084920228,0.8568902135756427,0.2231050886928879,-8.361328333333333,-7.240026333333333,-9.711632666666667,-6.928277666666666,-9.024859999999999,1.383199173359193,0.9761380816371327,0.8750938381279779,0.408324726001527,1.2964250444202314,1.121302,-1.3503043333333338,1.4330506666666665,-0.6635316666666657,-2.471606333333334,0.31174866666666645,-1.7848336666666658,0.4019515152648287,0.30814556400150783,0.23265701745115988,0.6465683900377344,,,,,0.05602372196434373,0.6983078014108974,0.19483004908726317,,,
JANJIKNC_00838 hypothetical protein;JANJIKNC_06316 hypothetical protein,-6.276316,-6.722546,-9.129478,-6.840456,-7.907706,-7.984468,-7.528965,-7.337059,-7.403974,-9.201445,-9.376613,-7.269143,-11.15042,-7.261881,-6.856618,0.633284271716073,0.399593628810239,0.7258003041551803,0.26604206520835405,0.33860667643413267,-7.3761133333333335,-7.577543333333334,-7.423332666666667,-8.615733666666666,-8.422973,1.2531283637258488,0.5221407242505501,0.07953215991171275,0.9548650078139611,1.9356798767959198,-0.20143000000000022,-0.0472193333333335,-1.239620333333332,-1.0468596666666672,0.15421066666666672,-1.0381903333333318,-0.845429666666667,0.8440497980718081,0.9601368291066555,0.3281812373942352,0.5557929235903661,,,,,0.700842736501776,0.24861609476310892,0.5830459296874065,,,
JANJIKNC_01035 hypothetical protein,-9.596965,-8.448433,-7.695795,-6.187184,-7.605173,-8.305087,-9.191709,-8.140218,-10.50711,-7.795038,-7.077588,-7.984176,-9.851214,-8.79766,-9.018959,0.2748356046204284,0.4627593844888869,0.20044776452582172,0.5309051153010397,0.19452727062475886,-8.580397666666666,-7.365814666666666,-9.279679,-7.618934,-9.222611,0.7817385953379105,0.8810401383797575,0.96827973767605,0.3904996069549876,0.4535780789507653,1.2145830000000002,-0.6992813333333334,0.961463666666666,-0.6422133333333342,-1.9138643333333336,-0.25311933333333414,-1.8567963333333344,0.21850581350365586,0.47129259660866174,0.19468798171902196,0.37180166954864213,,,,,0.10753380422230452,0.7291424190872628,0.056987079369455074,,,
JANJIKNC_01114 putative cutinase,-7.559374,-7.255829,-6.402267,-6.414749,-8.628909,-7.545767,-10.1333,-8.549166,-10.43709,-10.06546,-9.534505,-9.370059,-11.33725,-9.638474,-10.84467,0.7816249838509138,0.4130363003436064,0.14911099704883535,0.12929920236406195,0.07452443406793982,-7.072489999999999,-7.5298083333333325,-9.706518666666666,-9.656674666666666,-10.606798,0.4898530691632611,0.9039974689055031,0.8277161298035027,0.2967487245581504,0.7136279566795755,-0.45731833333333327,-2.6340286666666666,-2.5841846666666664,-3.5343080000000002,-2.1767103333333333,-2.126866333333333,-3.076989666666667,0.5634732596288439,0.01794756471312012,0.0030947571232268177,0.0044657635362026545,,+,+,+,0.06595154859496448,0.03414140599877941,0.019465108546511505,,+,+
JANJIKNC_01126 putative aldehyde dehydrogenase,-5.079296,-5.779297,-7.677651,-6.973494,-8.005729,-7.614205,-9.155807,-7.540066,-8.834935,-7.370143,-6.121261,-7.053784,-10.00924,-8.610402,-6.534616,1.4522506619384792,0.41265446405797274,0.34167767704872465,0.9056741259030767,0.3476970322341455,-6.178748,-7.531142666666668,-8.510269333333333,-6.848396,-8.384752666666666,1.0977349414611282,0.4254815211187859,0.6984318583342413,0.5301350365010787,1.4274548916560863,-1.352394666666668,-2.331521333333334,-0.6696480000000005,-2.206004666666666,-0.9791266666666658,0.6827466666666675,-0.853609999999998,0.1795868151070182,0.06437369321987602,0.48062174304104704,0.15822063330787126,,,,,0.16568227867072902,0.22851635321747593,0.4631409709140582,,,
JANJIKNC_01130 hypothetical protein,-7.267208,-7.231288,-7.064793,-7.064955,-8.338783,-7.931352,-6.150079,-6.143416,-8.656659,-7.301714,-7.092971,-9.554007,-9.81996,-6.240651,-5.842494,0.721602122613658,0.34766879425281005,0.9845883446791591,0.4125276180433378,0.736940641860564,-7.1877629999999995,-7.778363333333334,-6.983384666666666,-7.982897333333334,-7.3010350000000015,0.0881807888185782,0.5311707776176026,1.1831867547253707,1.1142060247944374,1.7885505520543723,-0.5906003333333345,0.20437833333333355,-0.7951343333333343,-0.11327200000000204,0.794978666666668,-0.20453399999999977,0.47732833333333247,0.19579440443042043,0.8195173538909016,0.3712969909591425,0.9330196686344043,,,,,0.4349246842131264,0.8262275955510068,0.7357995290071212,,,
JANJIKNC_01218 hypothetical protein,-7.761848,-7.871483,-9.377893,-6.335127,-7.306004,-6.611551,-10.57526,-10.69576,-9.158459,-8.562866,-7.962172,-7.99297,-10.82522,-9.526154,-8.573545,0.3253273053536371,0.7087038635768292,0.11017108736432422,0.36168122487850574,0.14549239587582496,-8.337074666666666,-6.750894,-10.143159666666667,-8.172669333333333,-9.641639666666666,0.7373294426773486,0.40842207826299814,0.6980241708806044,0.2761970410284818,0.9228624963703365,1.5861806666666665,-1.8060850000000013,0.16440533333333285,-1.3045650000000002,-3.3922656666666677,-1.4217753333333336,-2.8907456666666667,0.056312918240317075,0.06566198728290755,0.7824620415499817,0.19334967594734898,,,,,0.004048028165355982,0.015121813773358101,0.015464680893156607,+,+,+
JANJIKNC_01268 Carboxylesterase B,-7.945952,-8.929662,-8.817487,-6.38819,-7.917143,-7.741667,-7.216879,-11.37582,-10.42135,-10.01902,-9.789091,-9.085205,-9.492373,-9.935854,-9.78388,0.2779065007644841,0.46818441613243195,0.15279058654289923,0.13161124034366004,0.1361516456015379,-8.564366999999999,-7.349,-9.671349666666666,-9.631105333333332,-9.737369,0.4396768827407994,0.6831616932659501,1.778777283298902,0.39725912341974234,0.18401323173619882,1.2153669999999988,-1.1069826666666671,-1.0667383333333333,-1.1730020000000003,-2.322349666666666,-2.282105333333332,-2.388368999999999,0.10184086218107359,0.4410394909740913,0.06358247001917133,0.02534226489414503,,,,+,0.15986956436122915,0.015050105326296201,0.008814099883388615,,+,+
JANJIKNC_01288 Aminomethyltransferase,-8.424743,-9.715685,-8.504355,-6.556293,-8.316243,-7.679148,-9.405225,-8.596005,-9.781937,-9.417391,-9.754826,-9.425937,-8.724787,-8.133575,-8.760699,0.2230507886311366,0.41665373534452893,0.20305205967012888,0.1408998466991446,0.312292174779918,-8.881594333333334,-7.517228,-9.261055666666666,-9.532718000000001,-8.539687,0.5906860123626505,0.7275619402841245,0.4947708389826095,0.15709282028363558,0.28753856013179613,1.3643663333333338,-0.37946133333333165,-0.6511236666666669,0.34190733333333334,-1.7438276666666654,-2.0154900000000007,-1.0224590000000005,0.1085878862520596,0.5244918849201042,0.20639793688868285,0.5025496476960645,,,,,0.04866753377464159,0.018627606809170756,0.13825891470752266,+,+,
JANJIKNC_01454 Low molecular weight antigen MTB12,-4.191122,-4.615582,-3.856385,-6.020061,-8.148149,-7.795331,-5.451558,-7.477831,-4.473357,-4.072553,-4.020383,-3.888491,-12.26259,-6.228759,-6.44916,5.64122633282758,0.47730008083888104,2.234670154176517,6.550708479705259,0.3652996622149417,-4.2210296666666665,-7.321180333333333,-5.800915333333333,-3.993809,-8.313502999999999,0.3106615227717923,0.9312370893821235,1.2512004672671584,0.07745681836997949,2.79387547448307,-3.100150666666667,-1.5798856666666667,0.2272206666666663,-4.0924733333333325,1.5202650000000002,3.3273713333333332,-0.9923226666666656,0.011108372925874488,0.15810846367523015,0.3723396310051173,0.1085936626457958,+,,,,0.24014199309877632,0.0073041837045242685,0.6585643720382197,,+,
JANJIKNC_01499 hypothetical protein,-7.380901,-7.109214,-7.059505,-6.473071,-8.968225,-7.487712,-9.25163,-9.024043,-9.046709,-9.728546,-6.93944,-6.666191,-8.220158,-7.515641,-8.009655,0.7238846958925124,0.38186805775194516,0.2258624846189556,0.4754616703492106,0.4814653874155079,-7.183206666666666,-7.643002666666668,-9.107460666666666,-7.778059,-7.915151333333334,0.1412563467466939,1.0245437242318598,0.10236221436426415,1.3837065938695237,0.29527869105003546,-0.45979600000000165,-1.9242540000000004,-0.5948523333333338,-0.731944666666668,-1.4644579999999987,-0.1350563333333321,-0.2721486666666664,0.5636457103243657,9.860070359756724e-05,0.5779293477802887,0.03410665213527405,,+,,+,0.1146120750601267,0.9170117960121618,0.7363827780184443,,,
JANJIKNC_01517 Transcription elongation factor GreA,-6.34011,-9.563582,-7.040167,-5.535478,-8.357484,-7.947311,-7.066018,-7.902312,-6.977773,-7.143679,-7.125882,-10.17447,-7.823431,-8.168894,-8.217713,0.52452574383846,0.491089478729706,0.7822000679486191,0.36791632917391054,0.4324612154825001,-7.647953,-7.280091,-7.315367666666667,-8.148010333333334,-8.070012666666667,1.3843761049760528,1.2449407917136726,0.4165929530771682,1.4329417919725682,0.17549494283755154,0.3678620000000006,0.3325853333333333,-0.5000573333333334,-0.4220596666666667,-0.03527666666666729,-0.8679193333333339,-0.7899216666666673,0.7937731474591475,0.7612288686107129,0.7405615200864465,0.6908678729724846,,,,,0.9715070976770617,0.5531087972659814,0.4244544299280819,,,
JANJIKNC_01532 Serine hydroxymethyltransferase,-9.29966,-9.136727,-8.509544,-6.474288,-7.478055,-8.034629,-8.397565,-8.264533,-8.569473,-9.519853,-9.194432,-9.705409,-9.241079,-10.1673,-9.101376,0.20805855091248887,0.4747230981786242,0.3661365149473522,0.1468310118381413,0.16013978262656972,-8.981977,-7.328990666666667,-8.410523666666668,-9.473231333333333,-9.503251666666666,0.34061855032572713,0.6456682020327645,0.12482800482085572,0.21119431571317282,0.47300413937888036,1.6529863333333337,0.5714533333333325,-0.4912543333333321,-0.521274666666665,-1.0815330000000012,-2.144240666666666,-2.1742609999999987,0.03282969933056912,0.08983698619631168,0.1580400762827465,0.2746337187760752,+,,,,0.08062007251388013,0.011127454050882534,0.018432348576774272,,+,+
JANJIKNC_01588 Immunogenic protein MPB70,-3.984583,-3.411336,-3.365637,-6.394986,-3.533319,-7.967779,-4.547063,-4.789588,-3.609077,-3.209238,-4.278736,-3.327747,-4.78101,-3.462449,-4.351751,8.753458586816608,1.2216131404236845,6.258142746849514,8.57549300241374,6.330203991697266,-3.5871853333333337,-5.965361333333334,-4.315242666666666,-3.605240333333333,-4.198403333333333,0.281621233520407,1.8356727901156265,0.5090560253975543,0.47868459033364447,0.5491128650434466,-2.3781760000000003,-0.7280573333333327,-0.018054999999999488,-0.6112179999999996,1.6501186666666676,2.360121000000001,1.7669580000000007,0.1443837967944194,0.15146768032580502,0.9655340248006038,0.23390937186922003,,,,,0.2877677079186222,0.15332139533414244,0.2621570840851138,,,
JANJIKNC_01639 PE-PGRS family protein PE_PGRS30,-8.021965,-7.50361,-7.404185,-6.474739,-8.751735,-7.581147,-12.45105,-11.56674,-9.734206,-7.387574,-7.478487,-7.424008,-7.810332,-6.680615,-7.647533,0.5262372043673216,0.39272966609968146,0.05112993137254054,0.6051803069947509,0.6979337443958721,-7.643253333333334,-7.602540333333333,-11.250665333333332,-7.430022999999999,-7.3794933333333335,0.270848330877059,0.9297028027053712,1.1314408885031904,0.03735798496528798,0.49863084020300563,0.04071300000000111,-3.6074119999999983,0.21323033333333452,0.26376000000000044,-3.6481249999999994,0.1725173333333334,0.22304699999999933,0.9554388591650176,0.011827791691413613,0.33195284079965665,0.5468534748524743,,+,,,0.024382449638353638,0.8061077170267729,0.7798326814376569,+,,
JANJIKNC_01646 hypothetical protein,-6.301146,-5.174413,-6.048354,-7.268929,-7.96011,-7.054995,-9.353743,-9.467091,-9.959892,-6.023036,-5.881172,-6.243958,-7.825053,-6.832321,-6.897352,1.8349416081713958,0.44323308677950235,0.16125344637407396,1.5757856263151853,0.798711647802495,-5.841304333333333,-7.428011333333333,-9.593575333333332,-6.049388666666666,-7.184908666666668,0.4827242046775316,0.3862543914661541,0.2631259109049422,0.14927439550334431,0.4534282988994938,-1.5867069999999996,-3.7522709999999986,-0.20808433333333287,-1.3436043333333343,-2.165563999999999,1.3786226666666668,0.24310266666666536,0.022167899475985745,0.0006444865061724913,0.5915445379352313,0.04551091241430424,+,+,,+,0.00280436426226497,0.009251659441016665,0.5947402172125271,+,+,
JANJIKNC_01709 NAD-dependent malic enzyme,-10.64404,-9.520102,-8.856589,-5.956412,-7.827783,-7.947206,-6.420836,-6.372141,-7.071725,-10.02137,-8.976402,-10.55755,-11.93563,-9.820233,-11.17585,0.12882294533121175,0.503599405772695,1.2652389721510402,0.11294450185630894,0.05764813150427598,-9.673577,-7.243800333333334,-6.621567333333334,-9.851773999999999,-10.977237666666667,0.7377493707526971,0.9116256555678738,0.31892971472340964,0.6565461912604983,0.8749519076750575,2.4297766666666663,3.052009666666666,-0.17819699999999905,-1.3036606666666675,0.6222329999999996,-2.6079736666666653,-3.7334373333333337,0.042811100657171794,0.005806664087502527,0.8111704110836279,0.182486634200887,+,+,,,0.41376988397997333,0.030415275303359517,0.013934617522689688,,+,+
JANJIKNC_01903 Mycothione reductase,-9.487834,-8.641178,-9.102053,-6.775655,-7.415536,-7.566572,-9.919329,-10.24802,-8.327849,-10.45404,-9.962604,-9.895984,-11.11549,-10.56138,-11.55103,0.1947934160514534,0.5005413470771813,0.17225024019816998,0.09481444058229187,0.053835015822395915,-9.077021666666667,-7.252587666666667,-9.498399333333333,-10.104209333333335,-11.075966666666668,0.3460987540383362,0.3428328501610594,0.8385107852696679,0.2488582965000142,0.404988354592519,1.8244340000000001,-0.42137766666666643,-1.0271876666666682,-1.9989450000000009,-2.2458116666666665,-2.8516216666666683,-3.823379000000001,0.006102188594593178,0.5471035036375386,0.027083016994191886,0.006060425645398722,+,,+,+,0.024761052993287777,0.0006798138454039727,0.0005224355783094769,+,+,+
JANJIKNC_01947 Beta-lactamase,-7.335897,-9.856512,-8.198447,-5.39428,-7.461188,-7.413653,-6.809717,-7.780818,-6.493224,-10.85347,-8.747828,-8.904181,-6.659278,-8.348469,-7.990133,0.29800735044690946,0.7060171591481601,0.9546591062475215,0.1439493933221187,0.5722412189088372,-8.463618666666667,-6.756373666666666,-7.027919666666667,-9.501826333333334,-7.665959999999999,1.0459802433310532,0.9633411516302115,0.5478344518887274,0.9578855242607136,0.7267084051011568,1.7072450000000012,1.4356990000000005,-1.0382076666666666,0.7976586666666678,-0.27154600000000073,-2.745452666666668,-0.9095863333333334,0.16476194491588092,0.1606335246366222,0.35905136793223164,0.4258184668774438,,,,,0.7464102690748579,0.04602189062847704,0.34649037553655243,,+,
JANJIKNC_02001 hypothetical protein,-9.531811,-9.509226,-9.197643,-6.782245,-8.486495,-7.380872,-7.642695,-7.537646,-6.347623,-10.89854,-8.627622,-6.403699,-6.288189,-7.328164,-7.506824,0.15433585329859154,0.40733230789092767,0.8615397300218847,0.26100926919388784,0.8824560449480559,-9.412893333333333,-7.549870666666666,-7.175987999999999,-8.643286999999999,-7.041059,0.15248398835360472,0.7059449589622566,0.5873103966495627,1.8350445858323627,0.5373327811670032,1.8630226666666667,2.2369053333333335,0.7696063333333338,2.371834333333333,0.3738826666666668,-1.0934163333333329,0.5088116666666664,0.02180905391843618,0.006456113298483216,0.5862539162632234,0.0038699025332809113,+,+,,+,0.5956028596141021,0.47556823359205025,0.4628228403883244,,,
JANJIKNC_02006 hypothetical protein,-10.35678,-7.485278,-6.903347,-5.814129,-6.815441,-8.342719,-7.294819,-7.572242,-6.732802,-10.03194,-8.874791,-10.58568,-7.549448,-5.935764,-7.932953,0.3459343437408447,0.6001461665034915,0.8473458847273231,0.11459819932684556,0.824314622104818,-8.248468333333333,-6.990763000000001,-7.199954333333333,-9.830803666666666,-7.139388333333334,1.50961241936296,1.0397099594880619,0.3492032427649484,0.712800655171946,0.8653718557554063,1.2577053333333321,1.048514,-1.582335333333333,1.1090799999999996,-0.20919133333333217,-2.840040666666665,-0.1486253333333325,0.38681929401171794,0.39276819104436295,0.2511744975816822,0.41834684916889797,,,,,0.8007079704360964,0.03333854986063658,0.8840466172858216,,+,
JANJIKNC_02016 Phosphate-binding protein PstS3,-10.14642,-8.800436,-8.757996,-6.024099,-5.858586,-5.646214,-9.792407,-9.131988,-8.064539,-9.272558,-9.638073,-8.301476,-9.062565,-7.902215,-8.216337,0.17459544433499605,1.3297753002246477,0.2439514392355892,0.1940846079837847,0.34554599382416573,-9.234950666666668,-5.842966333333333,-8.996311333333333,-9.070702333333335,-8.393705666666666,0.6447389898790229,0.1546657660814298,0.711893285431805,0.5640225573067884,0.49003249114137526,3.391984333333335,0.2386393333333352,0.1642483333333331,0.8412450000000025,-3.153345,-3.227736000000002,-2.5507393333333326,0.0019365461384516281,0.7430303127014402,0.7996869440828402,0.2157416507550047,+,,,,0.00360709266722236,0.0014540081125694812,0.002168846918873594,+,+,+
JANJIKNC_02317 Acetamidase,-7.026619,-6.932827,-6.129475,-3.787107,-3.964184,-3.514973,-6.362726,-5.088186,-5.553912,-5.824141,-6.084792,-6.447569,-6.408133,-6.348456,-6.65473,1.0144737164566282,5.6518668799025775,2.449865534757202,1.50173051720389,1.3105892997945665,-6.696307,-3.755421333333333,-5.668274666666666,-6.118834,-6.470439666666667,0.4026355854317895,0.1847531988614962,0.5265752035846563,0.2556491881713427,0.13257081454159592,2.940885666666667,1.0280323333333339,0.5774730000000003,0.22586733333333342,-1.912853333333333,-2.3634126666666666,-2.7150183333333335,0.0007171989865434237,0.0933501359594325,0.1620016253952404,0.49305179329699306,+,,,,0.008353930999077766,0.0004488894335858047,7.211757854472325e-05,+,+,+
JANJIKNC_02492 hypothetical protein,-4.493243,-4.76763,-4.030615,-6.526766,-4.411907,-7.204221,-5.16059,-5.379449,-5.452038,-4.933414,-5.391281,-5.375362,-5.58044,-5.270773,-5.501838,4.878854596096112,1.1538994274732448,3.0957412660399366,2.7742688692860384,2.65670552415043,-4.430496000000001,-6.047631333333334,-5.330692333333333,-5.233352333333333,-5.451017,0.3041388576105765,1.1892383809958187,0.12387734144260962,0.2121879771842778,0.13142930483216703,-1.6171353333333336,-0.9001963333333327,-0.8028563333333327,-1.0205209999999996,0.7169390000000009,0.8142790000000009,0.596614333333334,0.13591249006804546,0.017892969594973825,0.037595889281875135,0.012100090212778716,,+,+,+,0.44421149656729614,0.3944365535200516,0.5195924895084891,,,
JANJIKNC_02534 hypothetical protein,-6.370637,-5.942981,-5.366387,-6.375047,-9.052949,-8.156763,-9.881638,-9.3199,-8.540906,-5.622665,-5.183259,-5.339942,-6.408022,-5.575246,-6.407105,1.769943720827498,0.3281807416135284,0.20497159501154666,2.5027333922220145,1.6592496747721013,-5.893335,-7.8615863333333325,-9.247481333333333,-5.381955333333333,-6.130124333333332,0.41148354330155207,1.1129949771702574,0.5497417099070763,0.18183004581629392,0.392358410830653,-1.968251333333332,-3.3541463333333326,0.5113796666666675,-0.23678933333333152,-1.3858950000000005,2.4796309999999995,1.7314620000000005,0.07888049964713334,0.0023037023152800242,0.1832053322422136,0.5875310863656742,,+,,,0.18950878610958835,0.03588959043584547,0.10663584582515086,,+,
JANJIKNC_02564 Single-stranded DNA-binding protein,-7.451574,-7.378383,-8.218658,-5.723028,-8.505486,-8.299788,-7.147862,-7.805893,-9.970922,-9.869701,-6.892626,-9.824024,-7.488001,-7.453236,-6.983747,0.5119826480362794,0.4189107521053633,0.39304095820644513,0.22427534670197286,0.733224716864358,-7.682871666666666,-7.509434,-8.308225666666667,-8.862117,-7.308328,0.3800346272471611,1.26596806553404,1.2060045665751942,1.3927652820661012,0.22995183622808196,0.1734376666666666,-0.6253540000000006,-1.1792453333333333,0.37454366666666594,-0.7987916666666672,-1.3526829999999999,0.20110599999999934,0.8618146840904581,0.5228298468390862,0.3123272299184333,0.29897872461539704,,,,,0.5534205782886215,0.3669242980567129,0.8358869786842429,,,
JANJIKNC_02669 ABC transporter glutamine-binding protein GlnH,-8.525942,-9.858438,-8.994961,-6.168663,-5.752452,-8.200068,-7.238968,-7.608507,-9.999042,-8.588968,-9.607412,-8.966824,-8.183601,-7.57616,-8.622887,0.18823300085229086,0.7305666586937377,0.4002032809283582,0.19629000436889898,0.4155534594216293,-9.126447,-6.707061,-8.282172333333333,-9.054401333333333,-8.127549333333333,0.5518772953299187,1.069302054509389,1.2233480991035304,0.4203644349603754,0.429158630449809,2.4193860000000003,0.8442746666666672,0.07204566666666778,0.998897666666668,-1.575111333333333,-2.3473403333333325,-1.4204883333333322,0.04670609088374437,0.4239200093161169,0.8903414301677669,0.11341166175119091,+,,,,0.24227540080848783,0.04459638631354119,0.1561980440660905,,+,
JANJIKNC_02928 putative cutinase cut3,-7.348799,-7.394572,-6.492804,-5.818223,-5.807553,-5.898546,-8.928473,-10.87729,-9.520555,-9.879105,-9.172739,-7.692945,-8.924551,-8.909912,-8.471583,0.7782542673385907,1.3311822967879448,0.14215511342187165,0.2162137652695401,0.2664567572255511,-7.0787249999999995,-5.841440666666666,-9.775439333333333,-8.914929666666666,-8.768682,0.41472991658266806,0.04061384448956049,0.8157599493340891,0.9109237529985088,0.21016570752781355,1.2372843333333332,-2.6967143333333334,-1.8362046666666663,-1.6899570000000006,-3.9339986666666666,-3.0734889999999995,-2.927241333333334,0.013706751958080647,0.014060570007376967,0.06039853870394782,0.006789652884067528,+,+,,+,0.0024276938558547762,0.008860389645265055,4.2135572013719556e-05,+,+,+
JANJIKNC_02954 Succinate--CoA ligase [ADP-forming] subunit beta,-7.949534,-9.432522,-9.530086,-7.816189,-8.542406,-8.021799,-11.16495,-8.389826,-8.27275,-10.9692,-9.899294,-8.790988,-10.82381,-9.823847,-8.690391,0.20968920358980708,0.2730715309837263,0.20098158611209258,0.11025881810524563,0.13224691666683677,-8.970714,-8.126798,-9.275841999999999,-9.886493999999999,-9.779349333333334,0.7231809952443905,0.3056319957868723,1.3366558954325776,0.8892973852939561,0.8715328217741174,0.8439159999999983,-0.30512799999999984,-0.9157799999999998,-0.8086353333333349,-1.1490439999999982,-1.7596959999999982,-1.6525513333333333,0.2031108656072161,0.7905485091815517,0.3216883367355206,0.36972063046520487,,,,,0.30156452260864464,0.05719391008624959,0.06463263677272078,,,
JANJIKNC_02955 Succinate--CoA ligase [ADP-forming] subunit alpha,-8.857572,-10.32175,-8.403462,-6.160167,-8.369098,-7.620788,-11.10679,-8.730524,-8.323389,-8.599578,-8.124101,-10.36251,-10.98835,-10.64364,-8.290268,0.17958977958986494,0.45716847218404993,0.1860904898083065,0.19981409777853945,0.11554841095185857,-9.194261333333332,-7.383351,-9.386901,-9.028729666666665,-9.974086,0.8185259080083472,0.917288136271622,1.2274508425450958,0.96289392893587,1.1989268920908678,1.8109103333333314,-0.19263966666666832,0.1655316666666664,-0.7798246666666682,-2.0035499999999997,-1.645378666666665,-2.5907349999999996,0.10564499449532214,0.8624812207312333,0.8620578943891237,0.4897490203751517,,,,,0.13813290417388255,0.15506715393112697,0.0722097957384246,,,
JANJIKNC_02975 hypothetical protein,-10.20284,-9.423177,-8.774305,-6.202168,-7.61752,-7.481719,-11.25847,-10.66514,-10.06344,-6.444504,-6.613174,-7.385539,-8.55124,-7.556561,-7.967227,0.14867814385146877,0.5562016074184449,0.0768733437712877,0.9272654335128878,0.4461639925700362,-9.466774000000001,-7.1004689999999995,-10.66235,-6.814405666666666,-8.025009333333335,0.5840111787531697,0.6376095946847096,0.48787294336401466,0.4096806525073996,0.40812635036577677,2.3663050000000014,-1.195575999999999,2.652368333333335,1.441764666666666,-3.5618810000000005,0.2860633333333338,-0.9245403333333355,0.017988613397673044,0.09042361248199376,0.0062625486613208,0.045848012933585744,+,,+,+,0.00329397151577353,0.6217664573813229,0.15921938350596068,+,,
JANJIKNC_03141 hypothetical protein,-5.634694,-5.578162,-5.495701,-7.159744,-7.558755,-8.421627,-8.188808,-7.364669,-9.858525,-5.216437,-9.688406,-10.11116,-6.136585,-7.003135,-6.7546,2.215326722995618,0.3636880646188318,0.35118664790277393,0.3223706443200419,1.1721972231249949,-5.569519,-7.713375333333334,-8.470667333333333,-8.338667666666666,-6.6314400000000004,0.05707182374867623,0.5266357134568664,1.0374368896546056,2.214486168848857,0.3643290772776722,-2.1438563333333347,-2.9011483333333334,-2.7691486666666663,-1.0619210000000008,-0.7572919999999987,-0.6252923333333316,1.081935333333334,0.004612130044819014,0.01683469751972471,0.15182076950234918,0.015193102111930437,+,+,,+,0.4093961334481167,0.7174455343790169,0.07522006138226309,,,
JANJIKNC_03208 3-oxoadipate enol-lactonase 2,-9.08519,-10.10696,-9.048714,-6.528748,-9.038332,-8.24553,-7.889236,-7.332623,-7.642579,-9.336975,-9.091084,-9.695564,-11.36081,-10.63666,-10.6929,0.15425799335271662,0.3113506405690774,0.6326580751127716,0.1572267879794947,0.06095402603697474,-9.413621333333333,-7.9375366666666665,-7.621479333333333,-9.374541,-10.896790000000001,0.4904905739259648,1.0474247413847397,0.22772557299277782,0.24820343922811866,0.3289140259500453,1.476084666666667,1.7921420000000001,0.03908033333333272,-1.4831686666666677,0.3160573333333332,-1.4370043333333342,-2.9592533333333346,0.1454091762954928,0.0094006202238388,0.9247538505849975,0.023761847452758233,,+,,+,0.6980904513748346,0.13206515016437875,0.01890767650469343,,,+
JANJIKNC_03255 Aminopeptidase N,-7.693782,-8.065498,-9.469388,-5.976725,-5.893993,-5.712218,-6.704052,-8.024571,-7.813897,-9.463286,-7.862951,-9.396327,-7.704057,-9.179633,-8.574604,0.3093865720111731,1.3132760050287426,0.6815086624135153,0.21732689263138943,0.3241104236598756,-8.409556,-5.860978666666667,-7.514173333333333,-8.907521333333333,-8.486098,0.7646245690236922,0.11047910184384298,0.579262930864349,0.7391284339816878,0.6056435238493575,2.5485773333333333,0.8953826666666673,-0.49796533333333315,-0.07654199999999989,-1.653194666666666,-3.0465426666666664,-2.625119333333333,0.009551849890299037,0.257298142248813,0.5440474129233289,0.9169824529341453,+,,,,0.016612878267982422,0.004492430010275477,0.0038114848278924954,+,+,+
JANJIKNC_03426 Diacylglycerol acyltransferase/mycolyltransferase Ag85B,-9.070522,-9.193588,-6.117562,-6.449625,-8.044001,-7.603994,-9.667694,-9.753685,-9.50106,-6.941678,-6.457398,-7.569493,-8.416494,-9.637085,-8.988071,0.3762633009821583,0.46274056693021937,0.1560590830183408,0.8212748061960817,0.22480904562439466,-8.127224,-7.365873333333333,-9.640813000000001,-6.989523000000001,-9.013883333333332,1.4219335019078774,0.6723267044447627,0.10487067838374386,0.4552696492373134,0.4986383490629481,0.761350666666667,-1.5135890000000014,1.137700999999999,-0.8866593333333324,-2.2749396666666684,0.376350333333332,-1.6480099999999993,0.531230722428908,0.20768225118880754,0.3418493939336731,0.4521140569596934,,,,,0.00911702379492807,0.5479365180152239,0.04959866441630442,+,,+
JANJIKNC_03466 Beta-hexosaminidase,-7.782182,-9.549559,-8.920686,-6.327799,-8.553835,-8.024488,-7.599058,-8.537483,-7.844905,-9.296176,-9.207331,-10.36315,-7.190279,-7.947046,-8.371025,0.24421597623792657,0.3838926434609396,0.4887477276027048,0.13242440642671538,0.5085771883379052,-8.750809,-7.635373999999999,-7.993815333333334,-9.622219,-7.836116666666666,0.7314592772346707,0.949514383626704,0.3973169059968237,0.5251713489119522,0.48837776831351426,1.1154350000000015,0.7569936666666663,-0.8714099999999991,0.9146923333333339,-0.35844133333333517,-1.9868450000000006,-0.20074266666666762,0.2584932724223202,0.2678063016581353,0.2429579152295492,0.21530878225391611,,,,,0.6481825869616396,0.060714270889313436,0.8034736097824651,,,
JANJIKNC_03645 Phosphoenolpyruvate carboxykinase [GTP],-6.993161,-7.371634,-8.558095,-6.145111,-7.362668,-7.771761,-6.618478,-5.988616,-7.701229,-9.699908,-9.099691,-9.353232,-7.892306,-7.196532,-7.872654,0.5270731676780611,0.5590188433358222,1.1419790887628487,0.15616931816671034,0.5770725684047628,-7.640963333333334,-7.093179999999999,-6.7694410000000005,-9.384276999999999,-7.653830666666667,0.6666624950374481,0.6908764444447839,0.7072732581159842,0.24601890955913694,0.3234585013849876,0.5477833333333351,0.871522333333334,-1.7433136666666647,-0.012867333333332454,0.3237389999999989,-2.2910969999999997,-0.5606506666666675,0.46496913180871574,0.273548162705659,0.02559650250424651,0.9815838580331415,,,+,,0.6673905223282248,0.011528042554503229,0.35732966756158835,,+,
JANJIKNC_03663 Neutral endopeptidase,-7.953001,-9.181171,-9.245773,-6.559521,-8.044195,-8.455887,-8.261065,-8.458477,-9.870718,-9.430244,-9.559418,-10.73262,-7.614207,-8.776189,-8.781923,0.23712562600710393,0.3705177301965178,0.2674900686168226,0.1086705266039289,0.34624912363504845,-8.793315,-7.686534333333334,-8.86342,-9.907427333333334,-8.390773000000001,0.5947767472186517,0.8144494524316549,0.7168123046000255,0.585877509046236,0.5491200742739849,1.1067806666666655,-0.07010499999999986,-1.1141123333333347,0.4025419999999986,-1.1768856666666654,-2.2208930000000002,-0.7042386666666669,0.1956074963873333,0.9203570350517726,0.13217324520862814,0.5206775282168188,,,,,0.19980565367390266,0.03516714022413684,0.3679674133478149,,+,
JANJIKNC_03703 hypothetical protein,-5.504757,-6.041505,-6.404869,-6.396567,-8.344539,-7.660474,-10.4908,-11.72058,-9.679829,-7.398958,-6.207556,-7.238899,-10.33299,-6.622704,-6.244231,1.662469824066019,0.431357362595324,0.07859461254750615,0.8449799107488041,0.5461416129528129,-5.983710333333332,-7.467193333333333,-10.630403,-6.9484710000000005,-7.7333083333333335,0.3697346532828945,0.806914613523361,0.8389608291241414,0.5279652758714345,1.844734674496459,-1.4834830000000014,-4.6466926666666675,-0.9647606666666686,-1.7495980000000015,-3.163209666666666,0.5187223333333328,-0.2661150000000001,0.07735333270233018,0.00200584194662648,0.10171088255922357,0.25879176627808753,,+,,,0.018411131891835842,0.48918304542828467,0.8608280253689997,+,,
JANJIKNC_04307 Isocitrate lyase 2,-10.35764,-9.223257,-8.356003,-5.958439,-6.496696,-6.001832,-9.221571,-8.500414,-9.598394,-10.2791,-9.576839,-10.85768,-9.025008,-10.48347,-9.939753,0.16548111486623968,1.0731312122335022,0.22596703599537102,0.08642466683026712,0.12892270999036096,-9.3123,-6.152322333333333,-9.106793000000001,-10.237873,-9.816077,0.819586953625219,0.24415248627627945,0.4555366886527004,0.5237131313782386,0.6018026620595828,3.1599776666666672,0.205506999999999,-0.925573,-0.5037769999999995,-2.9544706666666682,-4.085550666666667,-3.6637546666666667,0.006402630940908192,0.7720771511040546,0.24958620867975462,0.5221213027831421,+,,,,0.0012721749803161955,0.0005621711256065265,0.0013377642893159195,+,+,+
JANJIKNC_04335 putative protein,-8.942597,-7.13068,-9.106888,-6.531339,-8.34453,-6.526939,-5.532022,-5.924351,-5.417308,-7.153554,-7.057973,-7.714869,-11.01626,-7.047949,-6.9985,0.3128732353644081,0.5433220434793767,2.525233683025592,0.658228902246442,0.35512996247796147,-8.393388333333332,-7.134269333333333,-5.624560333333332,-7.308798666666667,-8.354236333333334,0.8953852558060628,0.8557854096132333,0.21709546028469157,0.2897743588844414,1.8824432355001368,1.2591189999999992,2.768828,1.0845896666666652,0.039151999999997855,1.5097090000000009,-0.17452933333333398,-1.2199670000000014,0.22390488186245722,0.01315727157897503,0.17847160837364737,0.9800815225640149,,+,,,0.07290124273671242,0.7982394394723002,0.4510160216123719,,,
JANJIKNC_04429 putative oxidoreductase,-10.09314,-9.842941,-9.628325,-6.33201,-8.252198,-7.504659,-6.788569,-7.968494,-6.993736,-8.678797,-8.179315,-10.12097,-10.57558,-11.42384,-11.07642,0.11361588701447806,0.46367734763260327,0.8183051858350509,0.20482058378279425,0.05576003684692982,-9.854802000000001,-7.362955666666667,-7.250266333333333,-8.993027333333332,-11.02528,0.1899451825255556,0.7902912394994362,0.514724269453289,0.8232300454293169,0.34818360252410885,2.491846333333334,2.604535666666668,0.861774666666669,-1.1704779999999992,0.11268933333333386,-1.630071666666665,-3.6623243333333333,0.01229494256018841,0.0025627456542480337,0.222620692210548,0.013991740303335366,+,+,,+,0.8740164079637125,0.11348562477203283,0.003888712586409502,,,+
"JANJIKNC_04432 1,4-dihydroxy-2-naphthoyl-CoA synthase",-9.943435,-9.610551,-7.824327,-6.398283,-7.63696,-8.31131,-8.113825,-10.06759,-8.382815,-9.03238,-9.663243,-10.91953,-10.62669,-11.57517,-10.95088,0.18827771496985993,0.43687662419530304,0.2691036566322198,0.11139391106896339,0.054778060312981346,-9.126104333333332,-7.448851,-8.854743333333333,-9.871717666666667,-11.050913333333334,0.9304733951236263,0.7922360012828671,0.8646142425607434,0.7844021271458211,0.393622982419585,1.677253333333332,0.27136099999999885,-0.7456133333333348,-1.9248090000000015,-1.405892333333333,-2.4228666666666667,-3.6020623333333335,0.12423623687688005,0.7776080837875614,0.4351259513162585,0.054413628753991826,,,,,0.16523388083377388,0.03716886088376207,0.004511354454765299,,+,+
JANJIKNC_04440 Putative alcohol dehydrogenase D,-4.9667,-6.461119,-9.367122,-6.387222,-4.897389,-4.971196,-8.494214,-7.540126,-7.418255,-9.694684,-6.392879,-10.69004,-7.992748,-7.706297,-6.962478,0.861779979236588,1.7845328831845821,0.5522699620506164,0.2145807079554253,0.618486634834593,-6.931647000000001,-5.418602333333333,-7.817531666666667,-8.925867666666667,-7.553840999999999,1.8270150325250931,0.6855800037449232,0.4810664336272992,1.8366104796209664,0.43420132978224124,1.5130446666666675,-0.8858846666666667,-1.9942206666666662,-0.6221939999999986,-2.398929333333334,-3.5072653333333337,-2.135238666666666,0.3344326754594128,0.5435148056186864,0.3375042768209234,0.6637768468232701,,,,,0.015466124713289859,0.06465705086589209,0.020455586561614468,+,,+
JANJIKNC_04471 Acryloyl-CoA reductase (NADH),-9.261344,-10.06886,-9.097824,-6.620238,-8.475897,-8.509498,-6.611219,-6.695386,-8.114102,-9.616783,-9.492981,-9.925343,-10.1829,-10.64986,-10.53448,0.14772942866592376,0.32660176348227193,0.8831568352668928,0.12736942865702172,0.08275031753244512,-9.476009333333334,-7.868544333333333,-7.140235666666666,-9.678368999999998,-10.455746666666668,0.42449077911095173,0.8827924569910092,0.6894842262504797,0.18180365105978097,0.19859861317631503,1.6074650000000004,2.3357736666666673,-0.2023596666666645,-0.9797373333333343,0.7283086666666669,-1.8098246666666649,-2.5872023333333347,0.08106887290428577,0.015101634569888908,0.5689955418095859,0.04169991435010383,,+,,+,0.4098595328718214,0.046881644486750265,0.015557933153145957,,+,+
JANJIKNC_04706 S-adenosylmethionine synthase,-9.786206,-9.481828,-7.979296,-6.522268,-8.206369,-7.628517,-6.313807,-6.263753,-6.812167,-8.702156,-9.024896,-10.00805,-8.191465,-9.257077,-8.934683,0.19406275364794318,0.43580786937313803,1.4119949216389156,0.1719934998250498,0.2617473781825855,-9.082443333333332,-7.452384666666667,-6.4632423333333335,-9.245034,-8.794408333333335,0.7898784805277892,0.6987207328083389,0.24757176466004516,0.5553889562531832,0.44619873764749945,1.630058666666665,2.6192009999999986,-0.16259066666666833,0.28803499999999715,0.9891423333333336,-1.7926493333333333,-1.3420236666666678,0.09411544055983227,0.011033724780315614,0.8234800610094952,0.6766740776484552,,+,,,0.13219641554282513,0.04685105106602611,0.08392272764553405,,+,
JANJIKNC_04710 hypothetical protein,-7.289197,-10.44982,-8.644543,-6.249426,-7.961272,-4.937281,-6.101006,-5.97098,-6.638967,-9.263076,-9.544656,-9.680247,-10.16924,-11.63962,-11.68727,0.23692765133130836,0.9147751957423776,1.6517472008524259,0.14453261061659067,0.05059991101824412,-8.79452,-6.382659666666666,-6.236984333333333,-9.495993,-11.165376666666667,1.294669652183908,1.2381286415313326,0.2891588241714616,0.1737507342660743,0.7046435622040094,2.411860333333334,2.5575356666666673,-0.701473,-2.3708566666666666,0.14567533333333316,-3.113333333333334,-4.782717000000001,0.12963523641572114,0.052632010284315855,0.48988635907567596,0.08528532305624342,,,,,0.8791355271042179,0.024414773554558913,0.008985123318570086,,+,+
JANJIKNC_04824 FHA domain-containing protein FhaA,-7.158368,-6.781208,-7.21445,-6.150177,-8.452269,-6.441226,-9.360767,-9.854949,-9.879184,-6.977123,-6.978464,-7.247619,-10.66804,-9.042495,-9.460751,0.7931669600653954,0.5903291491888568,0.14996286861335142,0.7779366673430032,0.1374418556143028,-7.051342000000001,-7.014557333333333,-9.698300000000001,-7.067735333333334,-9.723762,0.1923808395656906,1.0235358672928312,0.2388768558246421,0.12719813866650048,0.6891928739944038,0.036784666666667576,-2.6469580000000006,-0.01639333333333326,-2.67242,-2.683742666666668,-0.053178000000000836,-2.7092046666666674,0.9625565886863777,0.0002587244511798986,0.9247655553479606,0.006162416991526253,,+,,+,0.022535139598024435,0.9453743508658823,0.03604587689264798,+,,+
JANJIKNC_04837 Catalase-peroxidase,-9.784257,-9.653791,-8.787006,-6.206289,-8.37365,-7.674568,-6.779387,-6.800471,-9.657307,-9.705146,-10.12377,-9.802938,-8.69562,-8.392477,-7.596541,0.15482251059246593,0.4462672431826711,0.5804547728645187,0.11096489803460395,0.3875468571658648,-9.408351333333334,-7.418169,-7.7457216666666655,-9.877284666666666,-8.228212666666666,0.44257418340908944,0.903204945912425,1.35172235776566,0.1788054500983935,0.46348731767211143,1.9901823333333342,1.6626296666666684,-0.4689333333333323,1.180138666666668,-0.3275526666666657,-2.4591156666666665,-0.8100436666666662,0.048896790992020926,0.17364569160279228,0.23706987228594828,0.059777591967171216,+,,,,0.7898345158806074,0.01948432978974595,0.3222315883916363,,+,
JANJIKNC_04945 Alanine and proline-rich secreted protein Apa,-3.150761,-2.974619,-3.504419,-2.242715,-2.470086,-2.516648,-3.975207,-5.274703,-4.180877,-3.807899,-3.93033,-3.534714,-6.19853,-5.29993,-4.424019,11.369567638775415,14.363470658095427,5.594651372068249,7.715781454741137,2.9345968558241062,-3.209933,-2.409816333333333,-4.476928999999999,-3.757647666666667,-5.307493,0.22029980206981567,0.11967775249207993,0.5703259614945356,0.16537211018454376,0.724460820890037,0.8001166666666668,-1.2669959999999993,-0.5477146666666672,-2.09756,-2.067112666666666,-1.347831333333334,-2.897676666666667,0.010712575987569592,0.042784766519093666,0.04822170639161046,0.017283975598432113,+,+,+,+,0.0074037334056931805,0.0007323403181976872,0.005054294670357241,+,+,+
JANJIKNC_04980 Bacterioferritin,-10.1349,-9.809476,-9.090858,-6.542022,-7.517176,-8.000997,-6.211249,-4.641612,-5.5403,-8.904564,-9.412412,-10.19407,-10.16627,-11.07447,-11.45229,0.12839199438242382,0.4667592394514549,2.821750114916457,0.143764357424697,0.06091657578109436,-9.678411333333333,-7.353398333333334,-5.464386999999999,-9.503682,-10.897676666666667,0.43618756254416735,0.6067780240638982,0.6430459629083027,0.5303797951682043,0.5396935995750012,2.3250129999999993,4.214024333333334,0.17472933333333351,-1.2192653333333343,1.8890113333333343,-2.150283666666666,-3.5442783333333336,0.011691207953617649,0.001553670713909265,0.7371600725089626,0.06785676739644853,+,+,,,0.039102794622046994,0.01954777167848248,0.0034988556839876386,+,+,+
JANJIKNC_05016 Chaperone protein DnaK,-7.589107,-8.31887,-8.577165,-6.713136,-5.725861,-5.181262,-9.536579,-9.332602,-9.240123,-8.824705,-7.67345,-8.3049,-10.47885,-11.90655,-9.329827,0.3673747780648764,1.301999732876413,0.18831361735705512,0.33862841598236065,0.07635746361760005,-8.161714000000002,-5.873419666666667,-9.369767999999999,-8.267685,-10.571742333333333,0.41840025421678084,0.6340292622323429,0.12384808880506229,0.4707339913546361,1.0539914907551302,2.2882943333333348,-1.208053999999997,-0.10597099999999848,-2.410028333333331,-3.496348333333332,-2.3942653333333332,-4.698322666666666,0.013052599168634979,0.01731538577742402,0.8236066451080422,0.039724070322632456,+,+,,+,0.0015657467117789871,0.012767859630606273,0.0056846598041719225,+,+,+
JANJIKNC_05057 hypothetical protein,-4.806193,-4.891173,-5.081081,-6.773046,-8.53907,-7.425935,-8.418497,-7.523324,-10.20148,-5.01492,-4.538975,-4.157096,-11.18959,-5.184848,-5.443939,3.4602816895296664,0.3990934443251007,0.2965903506226617,4.392765889702528,0.7515093669857884,-4.926149,-7.579350333333333,-8.714433666666666,-4.570330333333334,-7.272792333333334,0.11491545752711708,0.7290918508758386,1.1131977281963685,0.3509063231503372,2.7716132495683614,-2.6532013333333335,-3.7882846666666667,0.35581866666666606,-2.3466433333333345,-1.1350833333333332,3.0090199999999996,0.306557999999999,0.00706276445782295,0.00872927933924859,0.24462462502835927,0.29762478249364566,+,+,,,0.29416401520510926,0.006258113390363904,0.8870817845279231,,+,
JANJIKNC_05100 hypothetical protein,-6.3013,-6.616592,-8.991208,-6.701394,-8.482226,-7.155615,-7.63271,-6.939953,-10.76312,-6.354153,-10.16729,-6.969907,-7.56305,-7.000823,-7.475843,0.6661897925418646,0.43761592746534744,0.3574259367911732,0.45850518289183234,0.7140432291739148,-7.303033333333334,-7.446411666666667,-8.445261,-7.830449999999999,-7.346571999999999,1.20063942413958,0.7555407242782414,1.66319588406838,1.671407418181655,0.2470601053225714,-0.14337833333333272,-1.142227666666666,-0.5274166666666646,-0.04353866666666484,-0.9988493333333333,-0.3840383333333319,0.09983966666666788,0.893251312248928,0.47503854223660946,0.7353620357653894,0.9623465051143532,,,,,0.4825178246314954,0.7818928086427841,0.8676507470838446,,,
JANJIKNC_05196 hypothetical protein,-6.018356,-5.432907,-5.013098,-7.115469,-8.555836,-4.597329,-6.054731,-5.530584,-5.338482,-4.997944,-4.812712,-4.725519,-5.348634,-5.156507,-5.310871,2.343911590544871,0.7060966052984862,2.496161998079122,3.630248430991165,3.0076805089484004,-5.488120333333334,-6.756211333333333,-5.6412656666666665,-4.845391666666667,-5.272004,0.4122477376322261,1.6358981163377977,0.30270005065777955,0.11359229908267947,0.08311108549806463,-1.2680909999999992,-0.1531453333333328,0.6427286666666667,0.2161163333333338,1.1149456666666664,1.910819666666666,1.484207333333333,0.3476917142194862,0.6937316965392892,0.10069855555553989,0.5076212362825618,,,,,0.3969148643824296,0.17471604290669482,0.2692852483518061,,,
JANJIKNC_05243 Citrate synthase 1,-10.30995,-9.41766,-8.276237,-5.966054,-7.260521,-8.183266,-7.262901,-8.793227,-10.13472,-9.750427,-9.942241,-10.70753,-10.59305,-10.55267,-11.92253,0.16294114097859738,0.5424398794614183,0.29334993277479693,0.09291534021369842,0.05585790691556679,-9.334615666666666,-7.136613666666666,-8.730282666666668,-10.133399333333331,-11.02275,0.8323338322918009,0.909403479824855,1.1732597279984038,0.41345509184136997,0.6364540687276654,2.198002,0.6043329999999987,-0.7987836666666652,-1.688134333333334,-1.5936690000000011,-2.996785666666665,-3.886136333333334,0.06525576512649361,0.5844006863557057,0.2910063570780067,0.08492659477706058,,,,,0.20355690277645913,0.013237881764776522,0.007754466640240286,,+,+
JANJIKNC_05366 Glycogen accumulation regulator GarA,-6.022848,-5.389268,-5.2594,-5.476222,-7.845011,-8.506415,-6.439731,-5.146175,-5.428819,-5.923623,-9.587609,-6.236824,-6.023273,-5.593974,-6.418827,2.2343674895987977,0.4925240753194896,2.4442675867581665,0.6859179649669093,1.800790883292245,-5.5571720000000004,-7.275882666666667,-5.671575000000001,-7.249351999999999,-6.012024666666666,0.33352363943005076,1.3008837250536869,0.5552894968308573,1.6583341169452757,0.3368387464394334,-1.7187106666666665,-0.11440300000000025,-1.6921799999999987,-0.4548526666666657,1.6043076666666662,0.026530666666667813,1.2638580000000008,0.14456358705080807,0.8150669431223863,0.23005422610258697,0.24630019892804797,,,,,0.1839696453650806,0.9866497817597817,0.2542578903091816,,,
JANJIKNC_05372 Malate synthase G,-10.16704,-9.266332,-8.649809,-6.427336,-7.200007,-7.35379,-9.537299,-9.095289,-9.152555,-9.513013,-9.225907,-9.668733,-10.57473,-10.3474,-9.85896,0.15998162920345899,0.5989210811888414,0.20295937681364412,0.14724007353109872,0.09475146050346298,-9.361060333333333,-6.993711,-9.261714333333332,-9.469217666666667,-10.260363333333334,0.6230182285681717,0.4053786569295427,0.19626517786799527,0.18341617519607048,0.2986226261056293,2.3673493333333324,0.0993460000000006,-0.10815733333333455,-0.8993030000000015,-2.268003333333332,-2.475506666666667,-3.266652333333334,0.010787810274742082,0.8402193106239676,0.8253745954107076,0.13946462992638994,+,,,,0.0020551221644614266,0.0014101671266957664,0.0007834817255787619,+,+,+
JANJIKNC_05409 Enolase,-9.958014,-9.658745,-9.827113,-6.310111,-7.993876,-8.320263,-9.111345,-7.512435,-7.903621,-10.06492,-9.155847,-10.04232,-10.52604,-11.30839,-10.63068,0.11682447730538208,0.40972622791575164,0.43082590346712096,0.12083393756538144,0.06421045319493375,-9.814624,-7.541416666666667,-8.175800333333333,-9.754362333333335,-10.821703333333332,0.12249480242306912,0.8808016621299538,0.6805338537478418,0.42331481049476943,0.3467807338298299,2.2732073333333336,1.6388236666666671,0.06026166666666555,-1.0070793333333317,-0.6343836666666665,-2.212945666666668,-3.2802866666666652,0.02245533244864417,0.02852202484829052,0.8560775889673549,0.017955343173507037,+,+,,+,0.4654232632374746,0.032824047230094404,0.008040071827823892,,+,+
JANJIKNC_05413 Immunogenic protein MPT63,-3.752048,-3.449558,-3.05921,-2.023323,-3.347819,-3.287738,-3.480571,-3.441407,-2.772737,-3.069048,-2.897379,-3.486886,-3.814332,-3.402517,-3.58828,9.827105113636888,10.323465774617906,13.263646588040224,11.748100552109756,9.572831119956723,-3.420272,-2.886293333333333,-3.231571666666666,-3.151104333333333,-3.601709666666667,0.283606976768908,0.6107049362828355,0.32483882488123594,0.2475608438914003,0.16839074700694073,0.533978666666667,0.18870033333333414,0.26916766666666714,-0.1814376666666666,-0.3452783333333329,-0.2648109999999999,-0.7154163333333337,0.324847523523542,0.5695175784623905,0.3691329100174094,0.4800470013343327,,,,,0.5191849849653316,0.6002115363988499,0.1854829163664682,,,
JANJIKNC_05447 Beta-glucanase,-7.743629,-7.352474,-8.417836,-5.8327,-8.560334,-7.831997,-7.808765,-10.10913,-9.463237,-11.22104,-8.242575,-8.419162,-7.805348,-6.854513,-7.462826,0.4597937691543378,0.44931687537546033,0.22281731192056084,0.1662240395768192,0.7004851272949488,-7.837979666666667,-7.408343666666667,-9.127044,-9.294259,-7.374229,0.44001938138096675,1.1531430728295984,0.968741136129083,1.36434587711792,0.39319958512439984,0.42963599999999946,-1.2890643333333331,-1.4562793333333337,0.46375066666666687,-1.7187003333333326,-1.8859153333333332,0.034114666666667404,0.6483149196090396,0.16180055340045235,0.22417618488636804,0.32869380194265413,,,,,0.1818495624742521,0.2097260076571624,0.9703101405057919,,,
JANJIKNC_05573 hypothetical protein,-8.502458,-9.98777,-9.508533,-5.633612,-7.778947,-6.776961,-7.018264,-7.610425,-9.089663,-9.744746,-9.794456,-9.300363,-8.006677,-9.652556,-9.845944,0.1631327281887307,0.7191221831905776,0.5193791122787651,0.13325592751525445,0.20197700979571603,-9.332920333333334,-6.72984,-7.906117333333334,-9.613188333333333,-9.168392333333333,0.6189603061351254,0.8764629130914019,0.8711099897235836,0.22212989879247538,0.8252420317346637,2.6030803333333337,1.4268029999999996,-0.2802679999999995,0.16452800000000067,-1.176277333333334,-2.883348333333333,-2.438552333333333,0.026513678002385223,0.1320190070146976,0.5791954248671566,0.8326017058557786,+,,,,0.24947488044647903,0.010741421120266196,0.04571158504616023,,+,+
JANJIKNC_05645 Non-heme chloroperoxidase,-10.07302,-9.407865,-9.3198,-5.289142,-8.410264,-8.072032,-8.821531,-6.829834,-6.012032,-9.425522,-9.211223,-10.67098,-11.32956,-8.278873,-10.35855,0.13554183882608745,0.49896233452455574,0.8349981462588727,0.11959411303702051,0.11436052010080709,-9.600228333333334,-7.257146,-7.221132333333333,-9.769241666666668,-9.988994333333332,0.33624180892955896,1.398422928270271,1.1798748371479448,0.6435992706140122,1.2725568320161142,2.343082333333334,2.3790960000000005,-0.1690133333333339,-0.3887659999999986,0.03601366666666639,-2.512095666666668,-2.7318483333333328,0.08258603791868344,0.05177601160663588,0.7585436672131489,0.6976091666708728,,,,,0.9791262344990123,0.08223247196937751,0.11052700263951322,,,
JANJIKNC_05674 Superoxide dismutase [Mn],-5.629377,-6.414516,-8.740061,-5.74671,-4.716812,-4.530149,-6.195033,-4.077692,-3.881074,-9.342027,-6.622676,-9.06761,-5.986958,-11.49901,-11.06042,0.863970417836227,2.3887543259047437,4.733949228144716,0.3211581056114775,0.15879007629663244,-6.927984666666667,-4.997890333333333,-4.7179329999999995,-8.344104333333334,-9.515462666666666,1.3208144686014345,0.5349510499614792,1.047547283572759,1.2223782291294112,2.501446139608225,1.9300943333333338,2.2100516666666676,-1.4161196666666669,-2.587477999999999,0.27995733333333384,-3.3462140000000007,-4.517572333333333,0.12794182302492377,0.13734957183781685,0.32815051872396794,0.2654493964666976,,,,,0.7533375140356982,0.02387136969477313,0.0669399677451981,,+,
JANJIKNC_05680 hypothetical protein,-6.770262,-6.241064,-5.766105,-6.883685,-7.73917,-7.315946,-9.606447,-11.35613,-9.69297,-5.155244,-5.517651,-5.13481,-7.035671,-6.555665,-6.033493,1.3735360925655031,0.4800362141144904,0.10456424824678189,2.7061183710842034,1.2475050520728461,-6.259143666666667,-7.312933666666666,-10.218515666666667,-5.269235,-6.541609666666666,0.4101446703480236,0.3492567841577629,0.8051899717608401,0.17585461586397633,0.40925815016713124,-1.0537899999999993,-3.959372,0.9899086666666665,-0.28246599999999944,-2.9055820000000008,2.043698666666666,0.7713239999999999,0.05051496124179021,0.003448840432902808,0.03494554090096111,0.5284555591209144,,+,+,,0.009434908086219902,0.0017866762272582232,0.1125400539749714,+,+,
JANJIKNC_05750 Dihydrolipoyl dehydrogenase,-6.558837,-7.546822,-8.598927,-6.189873,-7.310274,-7.562171,-6.041349,-4.873645,-5.947052,-10.59807,-9.212331,-10.00514,-11.53121,-8.541446,-8.235862,0.5543400521785365,0.5877913985284523,2.532031289918335,0.10635400596223635,0.16776139381936142,-7.568195333333333,-7.020772666666667,-5.6206819999999995,-9.938513666666667,-9.436172666666666,0.8330003667699607,0.5964666610981333,0.5296358438140936,0.5676838587631516,1.4866587741889155,0.547422666666666,1.9475133333333332,-2.3703183333333344,-1.8679773333333332,1.4000906666666673,-2.9177410000000004,-2.415399999999999,0.4919240180849286,0.049305010710915635,0.02923124451011236,0.1960304135107849,,+,+,,0.06804715659783404,0.007431781615914833,0.09993049889310837,,+,
JANJIKNC_05755 Isocitrate lyase 1,-6.616027,-7.120777,-8.371074,-6.17661,-7.837559,-5.743131,-4.649483,-5.953396,-5.496817,-7.934705,-6.533626,-7.305816,-1.321622,-3.034977,-2.516248,0.6362853547092262,0.7946448640595772,3.0197139640986466,0.6817954832574128,23.747542584719774,-7.3692926666666665,-6.585766666666667,-5.366565333333334,-7.258049,-2.290949,0.73772963452579,0.9026679142794184,0.5402292108567333,0.5729844999514967,0.7173869567427796,0.7835259999999993,2.0027273333333326,0.11124366666666674,5.078343666666667,1.2192013333333334,-0.6722823333333325,4.294817666666667,0.39568391770472155,0.03630946188705808,0.8744259593307682,0.002216590577492025,,+,,+,0.17655225437075636,0.42411884108848424,0.006221744282993181,,,+
JANJIKNC_05756 3-hydroxybutyryl-CoA dehydrogenase,-9.790882,-10.25771,-8.762657,-5.666904,-7.991713,-7.725672,-9.168355,-6.880898,-6.659701,-9.499354,-10.14664,-9.428733,-10.76542,-10.61765,-10.75686,0.1352114114159857,0.5456517892061984,0.6557991331425032,0.12620878849853495,0.0692206032533424,-9.603749666666667,-7.128096333333333,-7.569651333333333,-9.691575666666667,-10.71331,0.6245316916625514,1.038911844083136,1.134055286295553,0.3230680960358392,0.06773204608356903,2.4756533333333346,2.0340983333333345,-0.08782599999999974,-1.1095603333333326,-0.44155500000000014,-2.5634793333333343,-3.585213666666667,0.04464032245902965,0.09041603996092834,0.8683729212571253,0.06691771872494776,+,,,,0.7055109648644473,0.029047905163078123,0.008219599247229092,,+,+
JANJIKNC_05904 Arylsulfatase,-10.26297,-10.63326,-8.867315,-6.279393,-6.681106,-7.003322,-9.482798,-9.317924,-10.10775,-8.753429,-8.637836,-10.78316,-10.59082,-9.989348,-10.80678,0.10850675924097125,0.7576176357267315,0.156563508858836,0.1553920872618316,0.08237436932286298,-9.921181666666667,-6.6546069999999995,-9.636157333333333,-9.391475,-10.462316,0.760374856834151,0.29613617026744077,0.34019170223991163,0.985200754442464,0.34586483599618334,3.266574666666668,0.2850243333333342,0.5297066666666677,-0.541134333333332,-2.9815503333333337,-2.7368680000000003,-3.807709,0.00479906831387609,0.6537608580638403,0.5796681897174127,0.41143388590964836,+,,,,0.0007289840450278772,0.01973442212652302,0.0002926127220421487,+,+,+
JANJIKNC_05937 Fructose-bisphosphate aldolase class 1,-9.297844,-9.519118,-8.942256,-7.341648,-7.667596,-8.019759,-5.997869,-6.247931,-6.541914,-9.542089,-9.970122,-8.943788,-9.591097,-9.571026,-10.58084,0.17241603043156759,0.373146610334557,1.62271079390911,0.1456045099250925,0.12043564282689229,-9.253072666666666,-7.676334333333333,-6.262571333333334,-9.485332999999999,-9.914321000000001,0.23762126164316377,0.27690660390865063,0.22234656886091658,0.4209167000258683,0.4713713287002795,1.5767383333333331,2.9905013333333326,-0.23226033333333262,-0.6612483333333348,1.4137629999999994,-1.8089986666666658,-2.237986666666668,0.0036296961824443716,0.00020228856831688467,0.5340807592007505,0.15117118341238334,+,+,,,0.004896468478247763,0.007092164169492769,0.004424082042464713,+,+,+
JANJIKNC_05962 3-ketoacyl-CoA thiolase,-6.069531,-5.874256,-6.140116,-4.2353,-4.975811,-4.779173,-6.83607,-6.939202,-7.229137,-8.948975,-6.993322,-7.377576,-6.93417,-7.07904,-7.396129,1.6122448048841462,3.0119980148989636,0.9723230088356429,0.47703563535607646,0.8259973117548389,-6.027967666666666,-4.663428,-7.001469666666668,-7.773291,-7.136446333333335,0.1124455954623785,0.3131951617857469,0.1663998464669428,0.8460052935299325,0.19291301105305364,1.3645396666666665,-0.9735020000000016,-1.7453233333333342,-1.1084786666666684,-2.338041666666668,-3.1098630000000007,-2.473018333333335,0.004397231781682271,0.0023704710993089715,0.04446848127674099,0.0021682219146097704,+,+,+,+,0.0007367322924415788,0.008188860140722447,0.000683049740899237,+,+,+
JANJIKNC_06197 hypothetical protein,-7.89775,-7.270703,-7.158891,-6.226657,-8.982309,-7.703851,-9.26437,-9.725651,-8.688073,-9.862689,-7.557882,-8.56934,-8.694008,-8.558911,-9.238819,0.6048253390717041,0.3832992691758533,0.20804188209163962,0.25741290368727227,0.2552664767899314,-7.442448,-7.6376056666666665,-9.226031333333333,-8.663303666666666,-8.830579333333333,0.32516704859605133,1.125965014085646,0.4244560570442546,0.9432764546347066,0.293890590676568,-0.19515766666666678,-1.7835833333333335,-1.2208556666666661,-1.388131333333333,-1.5884256666666667,-1.0256979999999993,-1.1929736666666662,0.8253902220872746,0.009189139989909926,0.15859999558479854,0.010998750154633438,,+,,+,0.13532727081001725,0.37928611328040013,0.2207138966899114,,,
